ID,Sport,Emmer (80/20),Expected RPE,TSS,Totale Duur (min),Totale Afstand (m),Type Training,Doelwit Evenement,Tijd 1,Afstand 1,Zone 1,Materiaal 1,Slag 1,Tijd 2,Afstand 2,Zone 2,Materiaal 2,Slag 2,Tijd 3,Afstand 3,Zone 3,Materiaal 3,Slag 3,Tijd 4,Afstand 4,Zone 4,Materiaal 4,Slag 4,Tijd 5,Afstand 5,Zone 5,Materiaal 5,Slag 5,Tijd 6,Afstand 6,Zone 6,Materiaal 6,Slag 6,Tijd 7,Afstand 7,Zone 7,Materiaal 7,Slag 7,Tijd 8,Afstand 8,Zone 8,Materiaal 8,Slag 8,Tijd 9,Afstand 9,Zone 9,Materiaal 9,Slag 9,Tijd 10,Afstand 10,Zone 10,Materiaal 10,Slag 10,Tijd 11,Afstand 11,Zone 11,Materiaal 11,Slag 11,Tijd 12,Afstand 12,Zone 12,Materiaal 12,Slag 12,Tijd 13,Afstand 13,Zone 13,Materiaal 13,Slag 13,Tijd 14,Afstand 14,Zone 14,Materiaal 14,Slag 14,Tijd 15,Afstand 15,Zone 15,Materiaal 15,Slag 15,Tijd 16,Afstand 16,Zone 16,Materiaal 16,Slag 16,Tijd 17,Afstand 17,Zone 17,Materiaal 17,Slag 17,Tijd 18,Afstand 18,Zone 18,Materiaal 18,Slag 18,Tijd 19,Afstand 19,Zone 19,Materiaal 19,Slag 19,Tijd 20,Afstand 20,Zone 20,Materiaal 20,Slag 20,Tijd 21,Afstand 21,Zone 21,Materiaal 21,Slag 21,Tijd 22,Afstand 22,Zone 22,Materiaal 22,Slag 22,Tijd 23,Afstand 23,Zone 23,Materiaal 23,Slag 23,Tijd 24,Afstand 24,Zone 24,Materiaal 24,Slag 24,Tijd 25,Afstand 25,Zone 25,Materiaal 25,Slag 25,Tijd 26,Afstand 26,Zone 26,Materiaal 26,Slag 26,Tijd 27,Afstand 27,Zone 27,Materiaal 27,Slag 27,Tijd 28,Afstand 28,Zone 28,Materiaal 28,Slag 28,Tijd 29,Afstand 29,Zone 29,Materiaal 29,Slag 29,Tijd 30,Afstand 30,Zone 30,Materiaal 30,Slag 30
BIK-001,Fietsen,80%,Zone 1 · RPE 2-3,36,60,,Herstel,Fitheid,60',,Zone 1 · RPE 2-3,,,,,,,,,,,,,,,,,,,,,,,,,,,,,,,,,,,,,,,,,,,,,,,,,,,,,,,,,,,,,,,,,,,,,,,,,,,,,,,,,,,,,,,,,,,,,,,,,,,,,,,,,,,,,,,,,,,,,,,,,,,,,,,,,,,,,,,,,,,,,,,,,,,
BIK-002,Fietsen,80%,Zone 1 · RPE 2-3,36,60,,Herstel,Fitheid,60',,Zone 1 · RPE 2-3,,,,,,,,,,,,,,,,,,,,,,,,,,,,,,,,,,,,,,,,,,,,,,,,,,,,,,,,,,,,,,,,,,,,,,,,,,,,,,,,,,,,,,,,,,,,,,,,,,,,,,,,,,,,,,,,,,,,,,,,,,,,,,,,,,,,,,,,,,,,,,,,,,,
BIK-003,Fietsen,80%,Zone 1 · RPE 2-3,36,60,,Herstel,Fitheid,60',,Zone 1 · RPE 2-3,,,,,,,,,,,,,,,,,,,,,,,,,,,,,,,,,,,,,,,,,,,,,,,,,,,,,,,,,,,,,,,,,,,,,,,,,,,,,,,,,,,,,,,,,,,,,,,,,,,,,,,,,,,,,,,,,,,,,,,,,,,,,,,,,,,,,,,,,,,,,,,,,,,
BIK-004,Fietsen,80%,Zone 1 · RPE 2-3,36,60,,Herstel,Fitheid,60',,Zone 1 · RPE 2-3,,,,,,,,,,,,,,,,,,,,,,,,,,,,,,,,,,,,,,,,,,,,,,,,,,,,,,,,,,,,,,,,,,,,,,,,,,,,,,,,,,,,,,,,,,,,,,,,,,,,,,,,,,,,,,,,,,,,,,,,,,,,,,,,,,,,,,,,,,,,,,,,,,,
BIK-005,Fietsen,80%,Zone 1 · RPE 2-3,54,90,,Herstel,Fitheid,90',,Zone 1 · RPE 2-3,,,,,,,,,,,,,,,,,,,,,,,,,,,,,,,,,,,,,,,,,,,,,,,,,,,,,,,,,,,,,,,,,,,,,,,,,,,,,,,,,,,,,,,,,,,,,,,,,,,,,,,,,,,,,,,,,,,,,,,,,,,,,,,,,,,,,,,,,,,,,,,,,,,
BIK-006,Fietsen,80%,Zone 2 · RPE 4,102,120,,Duur,Volledige,15',,Zone 1 · RPE 2-3,,,90',,Zone 2 · RPE 4,,,15',,Zone 1 · RPE 2-3,,,,,,,,,,,,,,,,,,,,,,,,,,,,,,,,,,,,,,,,,,,,,,,,,,,,,,,,,,,,,,,,,,,,,,,,,,,,,,,,,,,,,,,,,,,,,,,,,,,,,,,,,,,,,,,,,,,,,,,,,,,,,,,,,,,,,,,,,
BIK-007,Fietsen,80%,Zone 2 · RPE 4,159,180,,Duur,Volledige,15',,Zone 1 · RPE 2-3,,,150',,Zone 2 · RPE 4,,,15',,Zone 1 · RPE 2-3,,,,,,,,,,,,,,,,,,,,,,,,,,,,,,,,,,,,,,,,,,,,,,,,,,,,,,,,,,,,,,,,,,,,,,,,,,,,,,,,,,,,,,,,,,,,,,,,,,,,,,,,,,,,,,,,,,,,,,,,,,,,,,,,,,,,,,,,,
BIK-008,Fietsen,80%,Zone 2 · RPE 4,215,240,,Duur,Volledige,15',,Zone 1 · RPE 2-3,,,210',,Zone 2 · RPE 4,,,15',,Zone 1 · RPE 2-3,,,,,,,,,,,,,,,,,,,,,,,,,,,,,,,,,,,,,,,,,,,,,,,,,,,,,,,,,,,,,,,,,,,,,,,,,,,,,,,,,,,,,,,,,,,,,,,,,,,,,,,,,,,,,,,,,,,,,,,,,,,,,,,,,,,,,,,,,
BIK-009,Fietsen,80%,Zone 2 · RPE 4,271,300,,Duur,Volledige,15',,Zone 1 · RPE 2-3,,,270',,Zone 2 · RPE 4,,,15',,Zone 1 · RPE 2-3,,,,,,,,,,,,,,,,,,,,,,,,,,,,,,,,,,,,,,,,,,,,,,,,,,,,,,,,,,,,,,,,,,,,,,,,,,,,,,,,,,,,,,,,,,,,,,,,,,,,,,,,,,,,,,,,,,,,,,,,,,,,,,,,,,,,,,,,,
BIK-010,Fietsen,80%,Zone 2 · RPE 4,327,360,,Duur,Volledige,15',,Zone 1 · RPE 2-3,,,330',,Zone 2 · RPE 4,,,15',,Zone 1 · RPE 2-3,,,,,,,,,,,,,,,,,,,,,,,,,,,,,,,,,,,,,,,,,,,,,,,,,,,,,,,,,,,,,,,,,,,,,,,,,,,,,,,,,,,,,,,,,,,,,,,,,,,,,,,,,,,,,,,,,,,,,,,,,,,,,,,,,,,,,,,,,
BIK-011,Fietsen,80%,Zone 2 · RPE 4,195,240,,Techniek,Halve,15',,Zone 1 · RPE 2-3,,,15',,Zone 2 · RPE 4,,,5',,Zone 1 · RPE 2-3,,,15',,Zone 2 · RPE 4,,,5',,Zone 1 · RPE 2-3,,,15',,Zone 2 · RPE 4,,,5',,Zone 1 · RPE 2-3,,,15',,Zone 2 · RPE 4,,,5',,Zone 1 · RPE 2-3,,,15',,Zone 2 · RPE 4,,,5',,Zone 1 · RPE 2-3,,,15',,Zone 2 · RPE 4,,,5',,Zone 1 · RPE 2-3,,,15',,Zone 2 · RPE 4,,,5',,Zone 1 · RPE 2-3,,,15',,Zone 2 · RPE 4,,,5',,Zone 1 · RPE 2-3,,,15',,Zone 2 · RPE 4,,,5',,Zone 1 · RPE 2-3,,,15',,Zone 2 · RPE 4,,,30',,Zone 1 · RPE 2-3,,,,,,,,,,,,,,,,,,,,,,,,,,,,,,,,,,,,,,,,,,,,,,,
BIK-012,Fietsen,80%,Zone 2 · RPE 4,143,180,,Techniek,Halve,15',,Zone 1 · RPE 2-3,,,15',,Zone 2 · RPE 4,,,5',,Zone 1 · RPE 2-3,,,15',,Zone 2 · RPE 4,,,5',,Zone 1 · RPE 2-3,,,15',,Zone 2 · RPE 4,,,5',,Zone 1 · RPE 2-3,,,15',,Zone 2 · RPE 4,,,5',,Zone 1 · RPE 2-3,,,15',,Zone 2 · RPE 4,,,5',,Zone 1 · RPE 2-3,,,15',,Zone 2 · RPE 4,,,5',,Zone 1 · RPE 2-3,,,15',,Zone 2 · RPE 4,,,30',,Zone 1 · RPE 2-3,,,,,,,,,,,,,,,,,,,,,,,,,,,,,,,,,,,,,,,,,,,,,,,,,,,,,,,,,,,,,,,,,,,,,,,,,,,,,
BIK-013,Fietsen,80%,Zone 2 · RPE 4,195,240,,Techniek,Halve,15',,Zone 1 · RPE 2-3,,,15',,Zone 2 · RPE 4,,,5',,Zone 1 · RPE 2-3,,,15',,Zone 2 · RPE 4,,,5',,Zone 1 · RPE 2-3,,,15',,Zone 2 · RPE 4,,,5',,Zone 1 · RPE 2-3,,,15',,Zone 2 · RPE 4,,,5',,Zone 1 · RPE 2-3,,,15',,Zone 2 · RPE 4,,,5',,Zone 1 · RPE 2-3,,,15',,Zone 2 · RPE 4,,,5',,Zone 1 · RPE 2-3,,,15',,Zone 2 · RPE 4,,,5',,Zone 1 · RPE 2-3,,,15',,Zone 2 · RPE 4,,,5',,Zone 1 · RPE 2-3,,,15',,Zone 2 · RPE 4,,,5',,Zone 1 · RPE 2-3,,,15',,Zone 2 · RPE 4,,,30',,Zone 1 · RPE 2-3,,,,,,,,,,,,,,,,,,,,,,,,,,,,,,,,,,,,,,,,,,,,,,,
BIK-014,Fietsen,80%,Zone 2 · RPE 4,195,240,,Techniek,Halve,15',,Zone 1 · RPE 2-3,,,15',,Zone 2 · RPE 4,,,5',,Zone 1 · RPE 2-3,,,15',,Zone 2 · RPE 4,,,5',,Zone 1 · RPE 2-3,,,15',,Zone 2 · RPE 4,,,5',,Zone 1 · RPE 2-3,,,15',,Zone 2 · RPE 4,,,5',,Zone 1 · RPE 2-3,,,15',,Zone 2 · RPE 4,,,5',,Zone 1 · RPE 2-3,,,15',,Zone 2 · RPE 4,,,5',,Zone 1 · RPE 2-3,,,15',,Zone 2 · RPE 4,,,5',,Zone 1 · RPE 2-3,,,15',,Zone 2 · RPE 4,,,5',,Zone 1 · RPE 2-3,,,15',,Zone 2 · RPE 4,,,5',,Zone 1 · RPE 2-3,,,15',,Zone 2 · RPE 4,,,30',,Zone 1 · RPE 2-3,,,,,,,,,,,,,,,,,,,,,,,,,,,,,,,,,,,,,,,,,,,,,,,
BIK-015,Fietsen,80%,Zone 2 · RPE 4,143,180,,Techniek,Halve,15',,Zone 1 · RPE 2-3,,,15',,Zone 2 · RPE 4,,,5',,Zone 1 · RPE 2-3,,,15',,Zone 2 · RPE 4,,,5',,Zone 1 · RPE 2-3,,,15',,Zone 2 · RPE 4,,,5',,Zone 1 · RPE 2-3,,,15',,Zone 2 · RPE 4,,,5',,Zone 1 · RPE 2-3,,,15',,Zone 2 · RPE 4,,,5',,Zone 1 · RPE 2-3,,,15',,Zone 2 · RPE 4,,,5',,Zone 1 · RPE 2-3,,,15',,Zone 2 · RPE 4,,,30',,Zone 1 · RPE 2-3,,,,,,,,,,,,,,,,,,,,,,,,,,,,,,,,,,,,,,,,,,,,,,,,,,,,,,,,,,,,,,,,,,,,,,,,,,,,,
BIK-016,Fietsen,20%,Zone 4 · RPE 7-8,117,120,,Sweetspot,Halve,15',,Zone 2 · RPE 4,,,10',,Zone 3 · RPE 5-6,,,5',,Zone 1 · RPE 2-3,,,10',,Zone 3 · RPE 5-6,,,5',,Zone 1 · RPE 2-3,,,10',,Zone 3 · RPE 5-6,,,5',,Zone 1 · RPE 2-3,,,10',,Zone 3 · RPE 5-6,,,5',,Zone 1 · RPE 2-3,,,30',,Zone 2 · RPE 4,,,15',,Zone 1 · RPE 2-3,,,,,,,,,,,,,,,,,,,,,,,,,,,,,,,,,,,,,,,,,,,,,,,,,,,,,,,,,,,,,,,,,,,,,,,,,,,,,,,,,,,,,,,,,,,,,,,,,
BIK-017,Fietsen,20%,Zone 4 · RPE 7-8,121,120,,Sweetspot,Halve,15',,Zone 2 · RPE 4,,,15',,Zone 3 · RPE 5-6,,,5',,Zone 1 · RPE 2-3,,,15',,Zone 3 · RPE 5-6,,,5',,Zone 1 · RPE 2-3,,,15',,Zone 3 · RPE 5-6,,,5',,Zone 1 · RPE 2-3,,,30',,Zone 2 · RPE 4,,,15',,Zone 1 · RPE 2-3,,,,,,,,,,,,,,,,,,,,,,,,,,,,,,,,,,,,,,,,,,,,,,,,,,,,,,,,,,,,,,,,,,,,,,,,,,,,,,,,,,,,,,,,,,,,,,,,,,,,,,,,,,,
BIK-018,Fietsen,20%,Zone 4 · RPE 7-8,121,120,,Sweetspot,Halve,15',,Zone 2 · RPE 4,,,15',,Zone 3 · RPE 5-6,,,5',,Zone 1 · RPE 2-3,,,15',,Zone 3 · RPE 5-6,,,5',,Zone 1 · RPE 2-3,,,15',,Zone 3 · RPE 5-6,,,5',,Zone 1 · RPE 2-3,,,30',,Zone 2 · RPE 4,,,15',,Zone 1 · RPE 2-3,,,,,,,,,,,,,,,,,,,,,,,,,,,,,,,,,,,,,,,,,,,,,,,,,,,,,,,,,,,,,,,,,,,,,,,,,,,,,,,,,,,,,,,,,,,,,,,,,,,,,,,,,,,
BIK-019,Fietsen,20%,Zone 4 · RPE 7-8,117,120,,Sweetspot,Halve,15',,Zone 2 · RPE 4,,,10',,Zone 3 · RPE 5-6,,,5',,Zone 1 · RPE 2-3,,,10',,Zone 3 · RPE 5-6,,,5',,Zone 1 · RPE 2-3,,,10',,Zone 3 · RPE 5-6,,,5',,Zone 1 · RPE 2-3,,,10',,Zone 3 · RPE 5-6,,,5',,Zone 1 · RPE 2-3,,,30',,Zone 2 · RPE 4,,,15',,Zone 1 · RPE 2-3,,,,,,,,,,,,,,,,,,,,,,,,,,,,,,,,,,,,,,,,,,,,,,,,,,,,,,,,,,,,,,,,,,,,,,,,,,,,,,,,,,,,,,,,,,,,,,,,,
BIK-020,Fietsen,20%,Zone 4 · RPE 7-8,125,120,,Sweetspot,Halve,15',,Zone 2 · RPE 4,,,15',,Zone 3 · RPE 5-6,,,5',,Zone 1 · RPE 2-3,,,15',,Zone 3 · RPE 5-6,,,5',,Zone 1 · RPE 2-3,,,15',,Zone 3 · RPE 5-6,,,5',,Zone 1 · RPE 2-3,,,15',,Zone 3 · RPE 5-6,,,5',,Zone 1 · RPE 2-3,,,10',,Zone 2 · RPE 4,,,15',,Zone 1 · RPE 2-3,,,,,,,,,,,,,,,,,,,,,,,,,,,,,,,,,,,,,,,,,,,,,,,,,,,,,,,,,,,,,,,,,,,,,,,,,,,,,,,,,,,,,,,,,,,,,,,,,
BIK-021,Fietsen,20%,Zone 4 · RPE 7-8,135,120,,Over-Under,Volledige,15',,Zone 2 · RPE 4,,,2',,Zone 4 · RPE 7-8,,,3',,Zone 3 · RPE 5-6,,,2',,Zone 4 · RPE 7-8,,,3',,Zone 3 · RPE 5-6,,,2',,Zone 4 · RPE 7-8,,,3',,Zone 3 · RPE 5-6,,,2',,Zone 4 · RPE 7-8,,,3',,Zone 3 · RPE 5-6,,,5',,Zone 1 · RPE 2-3,,,2',,Zone 4 · RPE 7-8,,,3',,Zone 3 · RPE 5-6,,,2',,Zone 4 · RPE 7-8,,,3',,Zone 3 · RPE 5-6,,,2',,Zone 4 · RPE 7-8,,,3',,Zone 3 · RPE 5-6,,,2',,Zone 4 · RPE 7-8,,,3',,Zone 3 · RPE 5-6,,,5',,Zone 1 · RPE 2-3,,,2',,Zone 4 · RPE 7-8,,,3',,Zone 3 · RPE 5-6,,,2',,Zone 4 · RPE 7-8,,,3',,Zone 3 · RPE 5-6,,,2',,Zone 4 · RPE 7-8,,,3',,Zone 3 · RPE 5-6,,,2',,Zone 4 · RPE 7-8,,,3',,Zone 3 · RPE 5-6,,,5',,Zone 1 · RPE 2-3,,,15',,Zone 2 · RPE 4,,,15',,Zone 1 · RPE 2-3,,
BIK-022,Fietsen,20%,Zone 4 · RPE 7-8,135,120,,Over-Under,Volledige,15',,Zone 2 · RPE 4,,,2',,Zone 4 · RPE 7-8,,,3',,Zone 3 · RPE 5-6,,,2',,Zone 4 · RPE 7-8,,,3',,Zone 3 · RPE 5-6,,,2',,Zone 4 · RPE 7-8,,,3',,Zone 3 · RPE 5-6,,,2',,Zone 4 · RPE 7-8,,,3',,Zone 3 · RPE 5-6,,,5',,Zone 1 · RPE 2-3,,,2',,Zone 4 · RPE 7-8,,,3',,Zone 3 · RPE 5-6,,,2',,Zone 4 · RPE 7-8,,,3',,Zone 3 · RPE 5-6,,,2',,Zone 4 · RPE 7-8,,,3',,Zone 3 · RPE 5-6,,,2',,Zone 4 · RPE 7-8,,,3',,Zone 3 · RPE 5-6,,,5',,Zone 1 · RPE 2-3,,,2',,Zone 4 · RPE 7-8,,,3',,Zone 3 · RPE 5-6,,,2',,Zone 4 · RPE 7-8,,,3',,Zone 3 · RPE 5-6,,,2',,Zone 4 · RPE 7-8,,,3',,Zone 3 · RPE 5-6,,,2',,Zone 4 · RPE 7-8,,,3',,Zone 3 · RPE 5-6,,,5',,Zone 1 · RPE 2-3,,,15',,Zone 2 · RPE 4,,,15',,Zone 1 · RPE 2-3,,
BIK-023,Fietsen,20%,Zone 4 · RPE 7-8,135,120,,Over-Under,Volledige,15',,Zone 2 · RPE 4,,,2',,Zone 4 · RPE 7-8,,,3',,Zone 3 · RPE 5-6,,,2',,Zone 4 · RPE 7-8,,,3',,Zone 3 · RPE 5-6,,,2',,Zone 4 · RPE 7-8,,,3',,Zone 3 · RPE 5-6,,,2',,Zone 4 · RPE 7-8,,,3',,Zone 3 · RPE 5-6,,,5',,Zone 1 · RPE 2-3,,,2',,Zone 4 · RPE 7-8,,,3',,Zone 3 · RPE 5-6,,,2',,Zone 4 · RPE 7-8,,,3',,Zone 3 · RPE 5-6,,,2',,Zone 4 · RPE 7-8,,,3',,Zone 3 · RPE 5-6,,,2',,Zone 4 · RPE 7-8,,,3',,Zone 3 · RPE 5-6,,,5',,Zone 1 · RPE 2-3,,,2',,Zone 4 · RPE 7-8,,,3',,Zone 3 · RPE 5-6,,,2',,Zone 4 · RPE 7-8,,,3',,Zone 3 · RPE 5-6,,,2',,Zone 4 · RPE 7-8,,,3',,Zone 3 · RPE 5-6,,,2',,Zone 4 · RPE 7-8,,,3',,Zone 3 · RPE 5-6,,,5',,Zone 1 · RPE 2-3,,,15',,Zone 2 · RPE 4,,,15',,Zone 1 · RPE 2-3,,
BIK-024,Fietsen,20%,Zone 4 · RPE 7-8,163,150,,Over-Under,Volledige,15',,Zone 2 · RPE 4,,,2',,Zone 4 · RPE 7-8,,,3',,Zone 3 · RPE 5-6,,,2',,Zone 4 · RPE 7-8,,,3',,Zone 3 · RPE 5-6,,,2',,Zone 4 · RPE 7-8,,,3',,Zone 3 · RPE 5-6,,,2',,Zone 4 · RPE 7-8,,,3',,Zone 3 · RPE 5-6,,,5',,Zone 1 · RPE 2-3,,,2',,Zone 4 · RPE 7-8,,,3',,Zone 3 · RPE 5-6,,,2',,Zone 4 · RPE 7-8,,,3',,Zone 3 · RPE 5-6,,,2',,Zone 4 · RPE 7-8,,,3',,Zone 3 · RPE 5-6,,,2',,Zone 4 · RPE 7-8,,,3',,Zone 3 · RPE 5-6,,,5',,Zone 1 · RPE 2-3,,,2',,Zone 4 · RPE 7-8,,,3',,Zone 3 · RPE 5-6,,,2',,Zone 4 · RPE 7-8,,,3',,Zone 3 · RPE 5-6,,,2',,Zone 4 · RPE 7-8,,,3',,Zone 3 · RPE 5-6,,,2',,Zone 4 · RPE 7-8,,,3',,Zone 3 · RPE 5-6,,,5',,Zone 1 · RPE 2-3,,,45',,Zone 2 · RPE 4,,,15',,Zone 1 · RPE 2-3,,
BIK-025,Fietsen,20%,Zone 4 · RPE 7-8,135,120,,Over-Under,Volledige,15',,Zone 2 · RPE 4,,,2',,Zone 4 · RPE 7-8,,,3',,Zone 3 · RPE 5-6,,,2',,Zone 4 · RPE 7-8,,,3',,Zone 3 · RPE 5-6,,,2',,Zone 4 · RPE 7-8,,,3',,Zone 3 · RPE 5-6,,,2',,Zone 4 · RPE 7-8,,,3',,Zone 3 · RPE 5-6,,,5',,Zone 1 · RPE 2-3,,,2',,Zone 4 · RPE 7-8,,,3',,Zone 3 · RPE 5-6,,,2',,Zone 4 · RPE 7-8,,,3',,Zone 3 · RPE 5-6,,,2',,Zone 4 · RPE 7-8,,,3',,Zone 3 · RPE 5-6,,,2',,Zone 4 · RPE 7-8,,,3',,Zone 3 · RPE 5-6,,,5',,Zone 1 · RPE 2-3,,,2',,Zone 4 · RPE 7-8,,,3',,Zone 3 · RPE 5-6,,,2',,Zone 4 · RPE 7-8,,,3',,Zone 3 · RPE 5-6,,,2',,Zone 4 · RPE 7-8,,,3',,Zone 3 · RPE 5-6,,,2',,Zone 4 · RPE 7-8,,,3',,Zone 3 · RPE 5-6,,,5',,Zone 1 · RPE 2-3,,,15',,Zone 2 · RPE 4,,,15',,Zone 1 · RPE 2-3,,
BIK-026,Fietsen,20%,Zone 5 · RPE 9-10,90,90,,VO2-Max,Sprint,15',,Zone 2 · RPE 4,,,3',,Zone 5 · RPE 9-10,,,5',,Zone 1 · RPE 2-3,,,3',,Zone 5 · RPE 9-10,,,5',,Zone 1 · RPE 2-3,,,3',,Zone 5 · RPE 9-10,,,5',,Zone 1 · RPE 2-3,,,3',,Zone 5 · RPE 9-10,,,5',,Zone 1 · RPE 2-3,,,3',,Zone 5 · RPE 9-10,,,5',,Zone 1 · RPE 2-3,,,20',,Zone 2 · RPE 4,,,15',,Zone 1 · RPE 2-3,,,,,,,,,,,,,,,,,,,,,,,,,,,,,,,,,,,,,,,,,,,,,,,,,,,,,,,,,,,,,,,,,,,,,,,,,,,,,,,,,,,,,,,
BIK-027,Fietsen,20%,Zone 5 · RPE 9-10,106,90,,VO2-Max,Sprint,15',,Zone 2 · RPE 4,,,5',,Zone 5 · RPE 9-10,,,3',,Zone 1 · RPE 2-3,,,5',,Zone 5 · RPE 9-10,,,3',,Zone 1 · RPE 2-3,,,5',,Zone 5 · RPE 9-10,,,3',,Zone 1 · RPE 2-3,,,5',,Zone 5 · RPE 9-10,,,3',,Zone 1 · RPE 2-3,,,5',,Zone 5 · RPE 9-10,,,3',,Zone 1 · RPE 2-3,,,20',,Zone 2 · RPE 4,,,15',,Zone 1 · RPE 2-3,,,,,,,,,,,,,,,,,,,,,,,,,,,,,,,,,,,,,,,,,,,,,,,,,,,,,,,,,,,,,,,,,,,,,,,,,,,,,,,,,,,,,,,
BIK-028,Fietsen,20%,Zone 5 · RPE 9-10,106,90,,VO2-Max,Sprint,15',,Zone 2 · RPE 4,,,5',,Zone 5 · RPE 9-10,,,3',,Zone 1 · RPE 2-3,,,5',,Zone 5 · RPE 9-10,,,3',,Zone 1 · RPE 2-3,,,5',,Zone 5 · RPE 9-10,,,3',,Zone 1 · RPE 2-3,,,5',,Zone 5 · RPE 9-10,,,3',,Zone 1 · RPE 2-3,,,5',,Zone 5 · RPE 9-10,,,3',,Zone 1 · RPE 2-3,,,20',,Zone 2 · RPE 4,,,15',,Zone 1 · RPE 2-3,,,,,,,,,,,,,,,,,,,,,,,,,,,,,,,,,,,,,,,,,,,,,,,,,,,,,,,,,,,,,,,,,,,,,,,,,,,,,,,,,,,,,,,
BIK-029,Fietsen,20%,Zone 5 · RPE 9-10,126,120,,VO2-Max,Sprint,15',,Zone 2 · RPE 4,,,5',,Zone 5 · RPE 9-10,,,5',,Zone 1 · RPE 2-3,,,5',,Zone 5 · RPE 9-10,,,5',,Zone 1 · RPE 2-3,,,5',,Zone 5 · RPE 9-10,,,5',,Zone 1 · RPE 2-3,,,5',,Zone 5 · RPE 9-10,,,5',,Zone 1 · RPE 2-3,,,50',,Zone 2 · RPE 4,,,15',,Zone 1 · RPE 2-3,,,,,,,,,,,,,,,,,,,,,,,,,,,,,,,,,,,,,,,,,,,,,,,,,,,,,,,,,,,,,,,,,,,,,,,,,,,,,,,,,,,,,,,,,,,,,,,,,
BIK-030,Fietsen,20%,Zone 5 · RPE 9-10,118,120,,VO2-Max,Sprint,15',,Zone 2 · RPE 4,,,3',,Zone 5 · RPE 9-10,,,5',,Zone 1 · RPE 2-3,,,3',,Zone 5 · RPE 9-10,,,5',,Zone 1 · RPE 2-3,,,3',,Zone 5 · RPE 9-10,,,5',,Zone 1 · RPE 2-3,,,3',,Zone 5 · RPE 9-10,,,5',,Zone 1 · RPE 2-3,,,3',,Zone 5 · RPE 9-10,,,5',,Zone 1 · RPE 2-3,,,50',,Zone 2 · RPE 4,,,15',,Zone 1 · RPE 2-3,,,,,,,,,,,,,,,,,,,,,,,,,,,,,,,,,,,,,,,,,,,,,,,,,,,,,,,,,,,,,,,,,,,,,,,,,,,,,,,,,,,,,,,
BIK-031,Fietsen,20%,Zone 4 · RPE 7-8,135,120,,Drempel,Halve,15',,Zone 2 · RPE 4,,,15',,Zone 4 · RPE 7-8,,,5',,Zone 1 · RPE 2-3,,,15',,Zone 4 · RPE 7-8,,,5',,Zone 1 · RPE 2-3,,,15',,Zone 4 · RPE 7-8,,,5',,Zone 1 · RPE 2-3,,,30',,Zone 2 · RPE 4,,,15',,Zone 1 · RPE 2-3,,,,,,,,,,,,,,,,,,,,,,,,,,,,,,,,,,,,,,,,,,,,,,,,,,,,,,,,,,,,,,,,,,,,,,,,,,,,,,,,,,,,,,,,,,,,,,,,,,,,,,,,,,,
BIK-032,Fietsen,20%,Zone 4 · RPE 7-8,130,120,,Drempel,Halve,15',,Zone 2 · RPE 4,,,10',,Zone 4 · RPE 7-8,,,5',,Zone 1 · RPE 2-3,,,10',,Zone 4 · RPE 7-8,,,5',,Zone 1 · RPE 2-3,,,10',,Zone 4 · RPE 7-8,,,5',,Zone 1 · RPE 2-3,,,10',,Zone 4 · RPE 7-8,,,5',,Zone 1 · RPE 2-3,,,30',,Zone 2 · RPE 4,,,15',,Zone 1 · RPE 2-3,,,,,,,,,,,,,,,,,,,,,,,,,,,,,,,,,,,,,,,,,,,,,,,,,,,,,,,,,,,,,,,,,,,,,,,,,,,,,,,,,,,,,,,,,,,,,,,,,
BIK-033,Fietsen,20%,Zone 4 · RPE 7-8,130,120,,Drempel,Halve,15',,Zone 2 · RPE 4,,,10',,Zone 4 · RPE 7-8,,,5',,Zone 1 · RPE 2-3,,,10',,Zone 4 · RPE 7-8,,,5',,Zone 1 · RPE 2-3,,,10',,Zone 4 · RPE 7-8,,,5',,Zone 1 · RPE 2-3,,,10',,Zone 4 · RPE 7-8,,,5',,Zone 1 · RPE 2-3,,,30',,Zone 2 · RPE 4,,,15',,Zone 1 · RPE 2-3,,,,,,,,,,,,,,,,,,,,,,,,,,,,,,,,,,,,,,,,,,,,,,,,,,,,,,,,,,,,,,,,,,,,,,,,,,,,,,,,,,,,,,,,,,,,,,,,,
BIK-034,Fietsen,20%,Zone 4 · RPE 7-8,135,120,,Drempel,Halve,15',,Zone 2 · RPE 4,,,15',,Zone 4 · RPE 7-8,,,5',,Zone 1 · RPE 2-3,,,15',,Zone 4 · RPE 7-8,,,5',,Zone 1 · RPE 2-3,,,15',,Zone 4 · RPE 7-8,,,5',,Zone 1 · RPE 2-3,,,30',,Zone 2 · RPE 4,,,15',,Zone 1 · RPE 2-3,,,,,,,,,,,,,,,,,,,,,,,,,,,,,,,,,,,,,,,,,,,,,,,,,,,,,,,,,,,,,,,,,,,,,,,,,,,,,,,,,,,,,,,,,,,,,,,,,,,,,,,,,,,
BIK-035,Fietsen,20%,Zone 4 · RPE 7-8,130,120,,Drempel,Halve,15',,Zone 2 · RPE 4,,,10',,Zone 4 · RPE 7-8,,,5',,Zone 1 · RPE 2-3,,,10',,Zone 4 · RPE 7-8,,,5',,Zone 1 · RPE 2-3,,,10',,Zone 4 · RPE 7-8,,,5',,Zone 1 · RPE 2-3,,,10',,Zone 4 · RPE 7-8,,,5',,Zone 1 · RPE 2-3,,,30',,Zone 2 · RPE 4,,,15',,Zone 1 · RPE 2-3,,,,,,,,,,,,,,,,,,,,,,,,,,,,,,,,,,,,,,,,,,,,,,,,,,,,,,,,,,,,,,,,,,,,,,,,,,,,,,,,,,,,,,,,,,,,,,,,,
BIK-036,Fietsen,20%,Zone 5 · RPE 9-10,103,90,,Piramide,Sprint,15',,Zone 2 · RPE 4,,,1',,Zone 5 · RPE 9-10,,,1',,Zone 1 · RPE 2-3,,,2',,Zone 5 · RPE 9-10,,,2',,Zone 1 · RPE 2-3,,,3',,Zone 5 · RPE 9-10,,,3',,Zone 1 · RPE 2-3,,,4',,Zone 5 · RPE 9-10,,,4',,Zone 1 · RPE 2-3,,,5',,Zone 5 · RPE 9-10,,,5',,Zone 1 · RPE 2-3,,,4',,Zone 5 · RPE 9-10,,,4',,Zone 1 · RPE 2-3,,,3',,Zone 5 · RPE 9-10,,,3',,Zone 1 · RPE 2-3,,,2',,Zone 5 · RPE 9-10,,,2',,Zone 1 · RPE 2-3,,,1',,Zone 5 · RPE 9-10,,,1',,Zone 1 · RPE 2-3,,,10',,Zone 2 · RPE 4,,,15',,Zone 1 · RPE 2-3,,,,,,,,,,,,,,,,,,,,,,,,,,,,,,,,,,,,,,,,,,,,,,,
BIK-037,Fietsen,20%,Zone 5 · RPE 9-10,103,90,,Piramide,Sprint,15',,Zone 2 · RPE 4,,,1',,Zone 5 · RPE 9-10,,,1',,Zone 1 · RPE 2-3,,,2',,Zone 5 · RPE 9-10,,,2',,Zone 1 · RPE 2-3,,,3',,Zone 5 · RPE 9-10,,,3',,Zone 1 · RPE 2-3,,,4',,Zone 5 · RPE 9-10,,,4',,Zone 1 · RPE 2-3,,,5',,Zone 5 · RPE 9-10,,,5',,Zone 1 · RPE 2-3,,,4',,Zone 5 · RPE 9-10,,,4',,Zone 1 · RPE 2-3,,,3',,Zone 5 · RPE 9-10,,,3',,Zone 1 · RPE 2-3,,,2',,Zone 5 · RPE 9-10,,,2',,Zone 1 · RPE 2-3,,,1',,Zone 5 · RPE 9-10,,,1',,Zone 1 · RPE 2-3,,,10',,Zone 2 · RPE 4,,,15',,Zone 1 · RPE 2-3,,,,,,,,,,,,,,,,,,,,,,,,,,,,,,,,,,,,,,,,,,,,,,,
BIK-038,Fietsen,20%,Zone 5 · RPE 9-10,131,120,,Piramide,Sprint,15',,Zone 2 · RPE 4,,,1',,Zone 5 · RPE 9-10,,,1',,Zone 1 · RPE 2-3,,,2',,Zone 5 · RPE 9-10,,,2',,Zone 1 · RPE 2-3,,,3',,Zone 5 · RPE 9-10,,,3',,Zone 1 · RPE 2-3,,,4',,Zone 5 · RPE 9-10,,,4',,Zone 1 · RPE 2-3,,,5',,Zone 5 · RPE 9-10,,,5',,Zone 1 · RPE 2-3,,,4',,Zone 5 · RPE 9-10,,,4',,Zone 1 · RPE 2-3,,,3',,Zone 5 · RPE 9-10,,,3',,Zone 1 · RPE 2-3,,,2',,Zone 5 · RPE 9-10,,,2',,Zone 1 · RPE 2-3,,,1',,Zone 5 · RPE 9-10,,,1',,Zone 1 · RPE 2-3,,,40',,Zone 2 · RPE 4,,,15',,Zone 1 · RPE 2-3,,,,,,,,,,,,,,,,,,,,,,,,,,,,,,,,,,,,,,,,,,,,,,,
BIK-039,Fietsen,20%,Zone 5 · RPE 9-10,103,90,,Piramide,Sprint,15',,Zone 2 · RPE 4,,,1',,Zone 5 · RPE 9-10,,,1',,Zone 1 · RPE 2-3,,,2',,Zone 5 · RPE 9-10,,,2',,Zone 1 · RPE 2-3,,,3',,Zone 5 · RPE 9-10,,,3',,Zone 1 · RPE 2-3,,,4',,Zone 5 · RPE 9-10,,,4',,Zone 1 · RPE 2-3,,,5',,Zone 5 · RPE 9-10,,,5',,Zone 1 · RPE 2-3,,,4',,Zone 5 · RPE 9-10,,,4',,Zone 1 · RPE 2-3,,,3',,Zone 5 · RPE 9-10,,,3',,Zone 1 · RPE 2-3,,,2',,Zone 5 · RPE 9-10,,,2',,Zone 1 · RPE 2-3,,,1',,Zone 5 · RPE 9-10,,,1',,Zone 1 · RPE 2-3,,,10',,Zone 2 · RPE 4,,,15',,Zone 1 · RPE 2-3,,,,,,,,,,,,,,,,,,,,,,,,,,,,,,,,,,,,,,,,,,,,,,,
BIK-040,Fietsen,20%,Zone 5 · RPE 9-10,103,90,,Piramide,Sprint,15',,Zone 2 · RPE 4,,,1',,Zone 5 · RPE 9-10,,,1',,Zone 1 · RPE 2-3,,,2',,Zone 5 · RPE 9-10,,,2',,Zone 1 · RPE 2-3,,,3',,Zone 5 · RPE 9-10,,,3',,Zone 1 · RPE 2-3,,,4',,Zone 5 · RPE 9-10,,,4',,Zone 1 · RPE 2-3,,,5',,Zone 5 · RPE 9-10,,,5',,Zone 1 · RPE 2-3,,,4',,Zone 5 · RPE 9-10,,,4',,Zone 1 · RPE 2-3,,,3',,Zone 5 · RPE 9-10,,,3',,Zone 1 · RPE 2-3,,,2',,Zone 5 · RPE 9-10,,,2',,Zone 1 · RPE 2-3,,,1',,Zone 5 · RPE 9-10,,,1',,Zone 1 · RPE 2-3,,,10',,Zone 2 · RPE 4,,,15',,Zone 1 · RPE 2-3,,,,,,,,,,,,,,,,,,,,,,,,,,,,,,,,,,,,,,,,,,,,,,,
BIK-041,Fietsen,20%,Zone 4 · RPE 7-8,230,240,,Surge,Fondo,25',,Zone 2 · RPE 4,,,1',,Zone 5 · RPE 9-10,,,10',,Zone 2 · RPE 4,,,1',,Zone 5 · RPE 9-10,,,10',,Zone 2 · RPE 4,,,1',,Zone 5 · RPE 9-10,,,10',,Zone 2 · RPE 4,,,1',,Zone 5 · RPE 9-10,,,10',,Zone 2 · RPE 4,,,1',,Zone 5 · RPE 9-10,,,10',,Zone 2 · RPE 4,,,1',,Zone 5 · RPE 9-10,,,10',,Zone 2 · RPE 4,,,1',,Zone 5 · RPE 9-10,,,10',,Zone 2 · RPE 4,,,1',,Zone 5 · RPE 9-10,,,122',,Zone 2 · RPE 4,,,15',,Zone 1 · RPE 2-3,,,,,,,,,,,,,,,,,,,,,,,,,,,,,,,,,,,,,,,,,,,,,,,,,,,,,,,,,,,,,,
BIK-042,Fietsen,20%,Zone 4 · RPE 7-8,176,180,,Surge,Fondo,25',,Zone 2 · RPE 4,,,1',,Zone 5 · RPE 9-10,,,10',,Zone 2 · RPE 4,,,1',,Zone 5 · RPE 9-10,,,10',,Zone 2 · RPE 4,,,1',,Zone 5 · RPE 9-10,,,10',,Zone 2 · RPE 4,,,1',,Zone 5 · RPE 9-10,,,10',,Zone 2 · RPE 4,,,1',,Zone 5 · RPE 9-10,,,10',,Zone 2 · RPE 4,,,1',,Zone 5 · RPE 9-10,,,10',,Zone 2 · RPE 4,,,1',,Zone 5 · RPE 9-10,,,10',,Zone 2 · RPE 4,,,1',,Zone 5 · RPE 9-10,,,10',,Zone 2 · RPE 4,,,1',,Zone 5 · RPE 9-10,,,10',,Zone 2 · RPE 4,,,1',,Zone 5 · RPE 9-10,,,40',,Zone 2 · RPE 4,,,15',,Zone 1 · RPE 2-3,,,,,,,,,,,,,,,,,,,,,,,,,,,,,,,,,,,,,,,,,,
BIK-043,Fietsen,20%,Zone 4 · RPE 7-8,176,180,,Surge,Fondo,25',,Zone 2 · RPE 4,,,1',,Zone 5 · RPE 9-10,,,10',,Zone 2 · RPE 4,,,1',,Zone 5 · RPE 9-10,,,10',,Zone 2 · RPE 4,,,1',,Zone 5 · RPE 9-10,,,10',,Zone 2 · RPE 4,,,1',,Zone 5 · RPE 9-10,,,10',,Zone 2 · RPE 4,,,1',,Zone 5 · RPE 9-10,,,10',,Zone 2 · RPE 4,,,1',,Zone 5 · RPE 9-10,,,10',,Zone 2 · RPE 4,,,1',,Zone 5 · RPE 9-10,,,10',,Zone 2 · RPE 4,,,1',,Zone 5 · RPE 9-10,,,10',,Zone 2 · RPE 4,,,1',,Zone 5 · RPE 9-10,,,10',,Zone 2 · RPE 4,,,1',,Zone 5 · RPE 9-10,,,40',,Zone 2 · RPE 4,,,15',,Zone 1 · RPE 2-3,,,,,,,,,,,,,,,,,,,,,,,,,,,,,,,,,,,,,,,,,,
BIK-044,Fietsen,20%,Zone 4 · RPE 7-8,176,180,,Surge,Fondo,25',,Zone 2 · RPE 4,,,1',,Zone 5 · RPE 9-10,,,10',,Zone 2 · RPE 4,,,1',,Zone 5 · RPE 9-10,,,10',,Zone 2 · RPE 4,,,1',,Zone 5 · RPE 9-10,,,10',,Zone 2 · RPE 4,,,1',,Zone 5 · RPE 9-10,,,10',,Zone 2 · RPE 4,,,1',,Zone 5 · RPE 9-10,,,10',,Zone 2 · RPE 4,,,1',,Zone 5 · RPE 9-10,,,10',,Zone 2 · RPE 4,,,1',,Zone 5 · RPE 9-10,,,10',,Zone 2 · RPE 4,,,1',,Zone 5 · RPE 9-10,,,10',,Zone 2 · RPE 4,,,1',,Zone 5 · RPE 9-10,,,10',,Zone 2 · RPE 4,,,1',,Zone 5 · RPE 9-10,,,40',,Zone 2 · RPE 4,,,15',,Zone 1 · RPE 2-3,,,,,,,,,,,,,,,,,,,,,,,,,,,,,,,,,,,,,,,,,,
BIK-045,Fietsen,20%,Zone 4 · RPE 7-8,230,240,,Surge,Fondo,25',,Zone 2 · RPE 4,,,1',,Zone 5 · RPE 9-10,,,10',,Zone 2 · RPE 4,,,1',,Zone 5 · RPE 9-10,,,10',,Zone 2 · RPE 4,,,1',,Zone 5 · RPE 9-10,,,10',,Zone 2 · RPE 4,,,1',,Zone 5 · RPE 9-10,,,10',,Zone 2 · RPE 4,,,1',,Zone 5 · RPE 9-10,,,10',,Zone 2 · RPE 4,,,1',,Zone 5 · RPE 9-10,,,10',,Zone 2 · RPE 4,,,1',,Zone 5 · RPE 9-10,,,10',,Zone 2 · RPE 4,,,1',,Zone 5 · RPE 9-10,,,122',,Zone 2 · RPE 4,,,15',,Zone 1 · RPE 2-3,,,,,,,,,,,,,,,,,,,,,,,,,,,,,,,,,,,,,,,,,,,,,,,,,,,,,,,,,,,,,,
BIK-046,Fietsen,20%,Zone 4 · RPE 7-8,191,195,,Progressie,Halve,30',,Zone 1 · RPE 2-3,,,105',,Zone 2 · RPE 4,,,30',,Zone 3 · RPE 5-6,,,15',,Zone 4 · RPE 7-8,,,15',,Zone 1 · RPE 2-3,,,,,,,,,,,,,,,,,,,,,,,,,,,,,,,,,,,,,,,,,,,,,,,,,,,,,,,,,,,,,,,,,,,,,,,,,,,,,,,,,,,,,,,,,,,,,,,,,,,,,,,,,,,,,,,,,,,,,,,,,,,,,,,
BIK-047,Fietsen,20%,Zone 4 · RPE 7-8,191,195,,Progressie,Halve,30',,Zone 1 · RPE 2-3,,,105',,Zone 2 · RPE 4,,,30',,Zone 3 · RPE 5-6,,,15',,Zone 4 · RPE 7-8,,,15',,Zone 1 · RPE 2-3,,,,,,,,,,,,,,,,,,,,,,,,,,,,,,,,,,,,,,,,,,,,,,,,,,,,,,,,,,,,,,,,,,,,,,,,,,,,,,,,,,,,,,,,,,,,,,,,,,,,,,,,,,,,,,,,,,,,,,,,,,,,,,,
BIK-048,Fietsen,20%,Zone 4 · RPE 7-8,247,255,,Progressie,Halve,30',,Zone 1 · RPE 2-3,,,165',,Zone 2 · RPE 4,,,30',,Zone 3 · RPE 5-6,,,15',,Zone 4 · RPE 7-8,,,15',,Zone 1 · RPE 2-3,,,,,,,,,,,,,,,,,,,,,,,,,,,,,,,,,,,,,,,,,,,,,,,,,,,,,,,,,,,,,,,,,,,,,,,,,,,,,,,,,,,,,,,,,,,,,,,,,,,,,,,,,,,,,,,,,,,,,,,,,,,,,,,
BIK-049,Fietsen,20%,Zone 4 · RPE 7-8,247,255,,Progressie,Halve,30',,Zone 1 · RPE 2-3,,,165',,Zone 2 · RPE 4,,,30',,Zone 3 · RPE 5-6,,,15',,Zone 4 · RPE 7-8,,,15',,Zone 1 · RPE 2-3,,,,,,,,,,,,,,,,,,,,,,,,,,,,,,,,,,,,,,,,,,,,,,,,,,,,,,,,,,,,,,,,,,,,,,,,,,,,,,,,,,,,,,,,,,,,,,,,,,,,,,,,,,,,,,,,,,,,,,,,,,,,,,,
BIK-050,Fietsen,20%,Zone 4 · RPE 7-8,191,195,,Progressie,Halve,30',,Zone 1 · RPE 2-3,,,105',,Zone 2 · RPE 4,,,30',,Zone 3 · RPE 5-6,,,15',,Zone 4 · RPE 7-8,,,15',,Zone 1 · RPE 2-3,,,,,,,,,,,,,,,,,,,,,,,,,,,,,,,,,,,,,,,,,,,,,,,,,,,,,,,,,,,,,,,,,,,,,,,,,,,,,,,,,,,,,,,,,,,,,,,,,,,,,,,,,,,,,,,,,,,,,,,,,,,,,,,
RUN-001,Lopen,80%,Zone 1 · RPE 2-3,18,30,,Herstel,Fitheid,30',,Zone 1 · RPE 2-3,,,,,,,,,,,,,,,,,,,,,,,,,,,,,,,,,,,,,,,,,,,,,,,,,,,,,,,,,,,,,,,,,,,,,,,,,,,,,,,,,,,,,,,,,,,,,,,,,,,,,,,,,,,,,,,,,,,,,,,,,,,,,,,,,,,,,,,,,,,,,,,,,,,
RUN-002,Lopen,80%,Zone 1 · RPE 2-3,27,45,,Herstel,Fitheid,45',,Zone 1 · RPE 2-3,,,,,,,,,,,,,,,,,,,,,,,,,,,,,,,,,,,,,,,,,,,,,,,,,,,,,,,,,,,,,,,,,,,,,,,,,,,,,,,,,,,,,,,,,,,,,,,,,,,,,,,,,,,,,,,,,,,,,,,,,,,,,,,,,,,,,,,,,,,,,,,,,,,
RUN-003,Lopen,80%,Zone 1 · RPE 2-3,18,30,,Herstel,Fitheid,30',,Zone 1 · RPE 2-3,,,,,,,,,,,,,,,,,,,,,,,,,,,,,,,,,,,,,,,,,,,,,,,,,,,,,,,,,,,,,,,,,,,,,,,,,,,,,,,,,,,,,,,,,,,,,,,,,,,,,,,,,,,,,,,,,,,,,,,,,,,,,,,,,,,,,,,,,,,,,,,,,,,
RUN-004,Lopen,80%,Zone 1 · RPE 2-3,18,30,,Herstel,Fitheid,30',,Zone 1 · RPE 2-3,,,,,,,,,,,,,,,,,,,,,,,,,,,,,,,,,,,,,,,,,,,,,,,,,,,,,,,,,,,,,,,,,,,,,,,,,,,,,,,,,,,,,,,,,,,,,,,,,,,,,,,,,,,,,,,,,,,,,,,,,,,,,,,,,,,,,,,,,,,,,,,,,,,
RUN-005,Lopen,80%,Zone 1 · RPE 2-3,18,30,,Herstel,Fitheid,30',,Zone 1 · RPE 2-3,,,,,,,,,,,,,,,,,,,,,,,,,,,,,,,,,,,,,,,,,,,,,,,,,,,,,,,,,,,,,,,,,,,,,,,,,,,,,,,,,,,,,,,,,,,,,,,,,,,,,,,,,,,,,,,,,,,,,,,,,,,,,,,,,,,,,,,,,,,,,,,,,,,
RUN-006,Lopen,80%,Zone 2 · RPE 4,46,60,,Duur,Halve,15',,Zone 1 · RPE 2-3,,,30',,Zone 2 · RPE 4,,,15',,Zone 1 · RPE 2-3,,,,,,,,,,,,,,,,,,,,,,,,,,,,,,,,,,,,,,,,,,,,,,,,,,,,,,,,,,,,,,,,,,,,,,,,,,,,,,,,,,,,,,,,,,,,,,,,,,,,,,,,,,,,,,,,,,,,,,,,,,,,,,,,,,,,,,,,,
RUN-007,Lopen,80%,Zone 2 · RPE 4,60,75,,Duur,Halve,15',,Zone 1 · RPE 2-3,,,45',,Zone 2 · RPE 4,,,15',,Zone 1 · RPE 2-3,,,,,,,,,,,,,,,,,,,,,,,,,,,,,,,,,,,,,,,,,,,,,,,,,,,,,,,,,,,,,,,,,,,,,,,,,,,,,,,,,,,,,,,,,,,,,,,,,,,,,,,,,,,,,,,,,,,,,,,,,,,,,,,,,,,,,,,,,
RUN-008,Lopen,80%,Zone 2 · RPE 4,74,90,,Duur,Halve,15',,Zone 1 · RPE 2-3,,,60',,Zone 2 · RPE 4,,,15',,Zone 1 · RPE 2-3,,,,,,,,,,,,,,,,,,,,,,,,,,,,,,,,,,,,,,,,,,,,,,,,,,,,,,,,,,,,,,,,,,,,,,,,,,,,,,,,,,,,,,,,,,,,,,,,,,,,,,,,,,,,,,,,,,,,,,,,,,,,,,,,,,,,,,,,,
RUN-009,Lopen,80%,Zone 2 · RPE 4,102,120,,Duur,Volledige,15',,Zone 1 · RPE 2-3,,,90',,Zone 2 · RPE 4,,,15',,Zone 1 · RPE 2-3,,,,,,,,,,,,,,,,,,,,,,,,,,,,,,,,,,,,,,,,,,,,,,,,,,,,,,,,,,,,,,,,,,,,,,,,,,,,,,,,,,,,,,,,,,,,,,,,,,,,,,,,,,,,,,,,,,,,,,,,,,,,,,,,,,,,,,,,,
RUN-010,Lopen,80%,Zone 2 · RPE 4,130,150,,Duur,Volledige,15',,Zone 1 · RPE 2-3,,,120',,Zone 2 · RPE 4,,,15',,Zone 1 · RPE 2-3,,,,,,,,,,,,,,,,,,,,,,,,,,,,,,,,,,,,,,,,,,,,,,,,,,,,,,,,,,,,,,,,,,,,,,,,,,,,,,,,,,,,,,,,,,,,,,,,,,,,,,,,,,,,,,,,,,,,,,,,,,,,,,,,,,,,,,,,,
RUN-011,Lopen,80%,Zone 2 · RPE 4,64,90,,Wisselduur,Halve,15',,Zone 1 · RPE 2-3,,,15',,Zone 2 · RPE 4,,,15',,Zone 1 · RPE 2-3,,,15',,Zone 2 · RPE 4,,,30',,Zone 1 · RPE 2-3,,,,,,,,,,,,,,,,,,,,,,,,,,,,,,,,,,,,,,,,,,,,,,,,,,,,,,,,,,,,,,,,,,,,,,,,,,,,,,,,,,,,,,,,,,,,,,,,,,,,,,,,,,,,,,,,,,,,,,,,,,,,,,,
RUN-012,Lopen,80%,Zone 2 · RPE 4,41,60,,Wisselduur,Halve,15',,Zone 1 · RPE 2-3,,,15',,Zone 2 · RPE 4,,,30',,Zone 1 · RPE 2-3,,,,,,,,,,,,,,,,,,,,,,,,,,,,,,,,,,,,,,,,,,,,,,,,,,,,,,,,,,,,,,,,,,,,,,,,,,,,,,,,,,,,,,,,,,,,,,,,,,,,,,,,,,,,,,,,,,,,,,,,,,,,,,,,,,,,,,,,,
RUN-013,Lopen,80%,Zone 2 · RPE 4,64,90,,Wisselduur,Halve,15',,Zone 1 · RPE 2-3,,,15',,Zone 2 · RPE 4,,,15',,Zone 1 · RPE 2-3,,,15',,Zone 2 · RPE 4,,,30',,Zone 1 · RPE 2-3,,,,,,,,,,,,,,,,,,,,,,,,,,,,,,,,,,,,,,,,,,,,,,,,,,,,,,,,,,,,,,,,,,,,,,,,,,,,,,,,,,,,,,,,,,,,,,,,,,,,,,,,,,,,,,,,,,,,,,,,,,,,,,,
RUN-014,Lopen,80%,Zone 2 · RPE 4,41,60,,Wisselduur,Halve,15',,Zone 1 · RPE 2-3,,,15',,Zone 2 · RPE 4,,,30',,Zone 1 · RPE 2-3,,,,,,,,,,,,,,,,,,,,,,,,,,,,,,,,,,,,,,,,,,,,,,,,,,,,,,,,,,,,,,,,,,,,,,,,,,,,,,,,,,,,,,,,,,,,,,,,,,,,,,,,,,,,,,,,,,,,,,,,,,,,,,,,,,,,,,,,,
RUN-015,Lopen,80%,Zone 2 · RPE 4,41,60,,Wisselduur,Halve,15',,Zone 1 · RPE 2-3,,,15',,Zone 2 · RPE 4,,,30',,Zone 1 · RPE 2-3,,,,,,,,,,,,,,,,,,,,,,,,,,,,,,,,,,,,,,,,,,,,,,,,,,,,,,,,,,,,,,,,,,,,,,,,,,,,,,,,,,,,,,,,,,,,,,,,,,,,,,,,,,,,,,,,,,,,,,,,,,,,,,,,,,,,,,,,,
RUN-016,Lopen,80%,Zone 3 · RPE 5-6,65,75,,Progressie,Halve,15',,Zone 1 · RPE 2-3,,,60',,Zone 2 · RPE 4,,,,,,,,,,,,,,,,,,,,,,,,,,,,,,,,,,,,,,,,,,,,,,,,,,,,,,,,,,,,,,,,,,,,,,,,,,,,,,,,,,,,,,,,,,,,,,,,,,,,,,,,,,,,,,,,,,,,,,,,,,,,,,,,,,,,,,,,,,,,,,
RUN-017,Lopen,80%,Zone 3 · RPE 5-6,51,60,,Progressie,Halve,15',,Zone 1 · RPE 2-3,,,45',,Zone 2 · RPE 4,,,,,,,,,,,,,,,,,,,,,,,,,,,,,,,,,,,,,,,,,,,,,,,,,,,,,,,,,,,,,,,,,,,,,,,,,,,,,,,,,,,,,,,,,,,,,,,,,,,,,,,,,,,,,,,,,,,,,,,,,,,,,,,,,,,,,,,,,,,,,,
RUN-018,Lopen,80%,Zone 3 · RPE 5-6,51,60,,Progressie,Halve,15',,Zone 1 · RPE 2-3,,,45',,Zone 2 · RPE 4,,,,,,,,,,,,,,,,,,,,,,,,,,,,,,,,,,,,,,,,,,,,,,,,,,,,,,,,,,,,,,,,,,,,,,,,,,,,,,,,,,,,,,,,,,,,,,,,,,,,,,,,,,,,,,,,,,,,,,,,,,,,,,,,,,,,,,,,,,,,,,
RUN-019,Lopen,80%,Zone 3 · RPE 5-6,51,60,,Progressie,Halve,15',,Zone 1 · RPE 2-3,,,45',,Zone 2 · RPE 4,,,,,,,,,,,,,,,,,,,,,,,,,,,,,,,,,,,,,,,,,,,,,,,,,,,,,,,,,,,,,,,,,,,,,,,,,,,,,,,,,,,,,,,,,,,,,,,,,,,,,,,,,,,,,,,,,,,,,,,,,,,,,,,,,,,,,,,,,,,,,,
RUN-020,Lopen,80%,Zone 3 · RPE 5-6,51,60,,Progressie,Halve,15',,Zone 1 · RPE 2-3,,,45',,Zone 2 · RPE 4,,,,,,,,,,,,,,,,,,,,,,,,,,,,,,,,,,,,,,,,,,,,,,,,,,,,,,,,,,,,,,,,,,,,,,,,,,,,,,,,,,,,,,,,,,,,,,,,,,,,,,,,,,,,,,,,,,,,,,,,,,,,,,,,,,,,,,,,,,,,,,
RUN-021,Lopen,20%,Zone 4 · RPE 7-8,41,45,,Fartlek,Sprint,15',,Zone 2 · RPE 4,,,3',,Zone 3 · RPE 5-6,,,2',,Zone 2 · RPE 4,,,3',,Zone 3 · RPE 5-6,,,2',,Zone 2 · RPE 4,,,3',,Zone 3 · RPE 5-6,,,2',,Zone 2 · RPE 4,,,15',,Zone 1 · RPE 2-3,,,,,,,,,,,,,,,,,,,,,,,,,,,,,,,,,,,,,,,,,,,,,,,,,,,,,,,,,,,,,,,,,,,,,,,,,,,,,,,,,,,,,,,,,,,,,,,,,,,,,,,,,,,,,,,,
RUN-022,Lopen,20%,Zone 4 · RPE 7-8,41,45,,Fartlek,Sprint,15',,Zone 2 · RPE 4,,,3',,Zone 3 · RPE 5-6,,,2',,Zone 2 · RPE 4,,,3',,Zone 3 · RPE 5-6,,,2',,Zone 2 · RPE 4,,,3',,Zone 3 · RPE 5-6,,,2',,Zone 2 · RPE 4,,,15',,Zone 1 · RPE 2-3,,,,,,,,,,,,,,,,,,,,,,,,,,,,,,,,,,,,,,,,,,,,,,,,,,,,,,,,,,,,,,,,,,,,,,,,,,,,,,,,,,,,,,,,,,,,,,,,,,,,,,,,,,,,,,,,
RUN-023,Lopen,20%,Zone 4 · RPE 7-8,41,45,,Fartlek,Sprint,15',,Zone 2 · RPE 4,,,3',,Zone 3 · RPE 5-6,,,2',,Zone 2 · RPE 4,,,3',,Zone 3 · RPE 5-6,,,2',,Zone 2 · RPE 4,,,3',,Zone 3 · RPE 5-6,,,2',,Zone 2 · RPE 4,,,15',,Zone 1 · RPE 2-3,,,,,,,,,,,,,,,,,,,,,,,,,,,,,,,,,,,,,,,,,,,,,,,,,,,,,,,,,,,,,,,,,,,,,,,,,,,,,,,,,,,,,,,,,,,,,,,,,,,,,,,,,,,,,,,,
RUN-024,Lopen,20%,Zone 4 · RPE 7-8,59,60,,Fartlek,Sprint,15',,Zone 2 · RPE 4,,,3',,Zone 3 · RPE 5-6,,,2',,Zone 2 · RPE 4,,,3',,Zone 3 · RPE 5-6,,,2',,Zone 2 · RPE 4,,,3',,Zone 3 · RPE 5-6,,,2',,Zone 2 · RPE 4,,,3',,Zone 3 · RPE 5-6,,,2',,Zone 2 · RPE 4,,,3',,Zone 3 · RPE 5-6,,,2',,Zone 2 · RPE 4,,,3',,Zone 3 · RPE 5-6,,,2',,Zone 2 · RPE 4,,,15',,Zone 1 · RPE 2-3,,,,,,,,,,,,,,,,,,,,,,,,,,,,,,,,,,,,,,,,,,,,,,,,,,,,,,,,,,,,,,,,,,,,,,,,,,,,,,,,,,
RUN-025,Lopen,20%,Zone 4 · RPE 7-8,59,60,,Fartlek,Sprint,15',,Zone 2 · RPE 4,,,3',,Zone 3 · RPE 5-6,,,2',,Zone 2 · RPE 4,,,3',,Zone 3 · RPE 5-6,,,2',,Zone 2 · RPE 4,,,3',,Zone 3 · RPE 5-6,,,2',,Zone 2 · RPE 4,,,3',,Zone 3 · RPE 5-6,,,2',,Zone 2 · RPE 4,,,3',,Zone 3 · RPE 5-6,,,2',,Zone 2 · RPE 4,,,3',,Zone 3 · RPE 5-6,,,2',,Zone 2 · RPE 4,,,15',,Zone 1 · RPE 2-3,,,,,,,,,,,,,,,,,,,,,,,,,,,,,,,,,,,,,,,,,,,,,,,,,,,,,,,,,,,,,,,,,,,,,,,,,,,,,,,,,,
RUN-026,Lopen,20%,Zone 4 · RPE 7-8,62,60,,Drempel,Halve,15',,Zone 2 · RPE 4,,,10',,Zone 4 · RPE 7-8,,,5',,Zone 1 · RPE 2-3,,,10',,Zone 4 · RPE 7-8,,,20',,Zone 1 · RPE 2-3,,,,,,,,,,,,,,,,,,,,,,,,,,,,,,,,,,,,,,,,,,,,,,,,,,,,,,,,,,,,,,,,,,,,,,,,,,,,,,,,,,,,,,,,,,,,,,,,,,,,,,,,,,,,,,,,,,,,,,,,,,,,,,,
RUN-027,Lopen,20%,Zone 4 · RPE 7-8,102,90,,Drempel,Halve,15',,Zone 2 · RPE 4,,,10',,Zone 4 · RPE 7-8,,,5',,Zone 1 · RPE 2-3,,,10',,Zone 4 · RPE 7-8,,,5',,Zone 1 · RPE 2-3,,,10',,Zone 4 · RPE 7-8,,,5',,Zone 1 · RPE 2-3,,,10',,Zone 4 · RPE 7-8,,,20',,Zone 1 · RPE 2-3,,,,,,,,,,,,,,,,,,,,,,,,,,,,,,,,,,,,,,,,,,,,,,,,,,,,,,,,,,,,,,,,,,,,,,,,,,,,,,,,,,,,,,,,,,,,,,,,,,,,,,,,,,,
RUN-028,Lopen,20%,Zone 4 · RPE 7-8,98,75,,Drempel,Halve,15',,Zone 2 · RPE 4,,,15',,Zone 4 · RPE 7-8,,,5',,Zone 1 · RPE 2-3,,,15',,Zone 4 · RPE 7-8,,,5',,Zone 1 · RPE 2-3,,,15',,Zone 4 · RPE 7-8,,,5',,Zone 1 · RPE 2-3,,,,,,,,,,,,,,,,,,,,,,,,,,,,,,,,,,,,,,,,,,,,,,,,,,,,,,,,,,,,,,,,,,,,,,,,,,,,,,,,,,,,,,,,,,,,,,,,,,,,,,,,,,,,,,,,,,,,,
RUN-029,Lopen,20%,Zone 4 · RPE 7-8,102,90,,Drempel,Halve,15',,Zone 2 · RPE 4,,,10',,Zone 4 · RPE 7-8,,,5',,Zone 1 · RPE 2-3,,,10',,Zone 4 · RPE 7-8,,,5',,Zone 1 · RPE 2-3,,,10',,Zone 4 · RPE 7-8,,,5',,Zone 1 · RPE 2-3,,,10',,Zone 4 · RPE 7-8,,,20',,Zone 1 · RPE 2-3,,,,,,,,,,,,,,,,,,,,,,,,,,,,,,,,,,,,,,,,,,,,,,,,,,,,,,,,,,,,,,,,,,,,,,,,,,,,,,,,,,,,,,,,,,,,,,,,,,,,,,,,,,,
RUN-030,Lopen,20%,Zone 4 · RPE 7-8,62,60,,Drempel,Halve,15',,Zone 2 · RPE 4,,,10',,Zone 4 · RPE 7-8,,,5',,Zone 1 · RPE 2-3,,,10',,Zone 4 · RPE 7-8,,,20',,Zone 1 · RPE 2-3,,,,,,,,,,,,,,,,,,,,,,,,,,,,,,,,,,,,,,,,,,,,,,,,,,,,,,,,,,,,,,,,,,,,,,,,,,,,,,,,,,,,,,,,,,,,,,,,,,,,,,,,,,,,,,,,,,,,,,,,,,,,,,,
RUN-031,Lopen,20%,Zone 4 · RPE 7-8,90,75,,Over-Under,Halve,15',,Zone 2 · RPE 4,,,2',,Zone 4 · RPE 7-8,,,3',,Zone 3 · RPE 5-6,,,2',,Zone 4 · RPE 7-8,,,3',,Zone 3 · RPE 5-6,,,2',,Zone 4 · RPE 7-8,,,3',,Zone 3 · RPE 5-6,,,2',,Zone 4 · RPE 7-8,,,3',,Zone 3 · RPE 5-6,,,2',,Zone 4 · RPE 7-8,,,3',,Zone 3 · RPE 5-6,,,2',,Zone 4 · RPE 7-8,,,3',,Zone 3 · RPE 5-6,,,2',,Zone 4 · RPE 7-8,,,3',,Zone 3 · RPE 5-6,,,2',,Zone 4 · RPE 7-8,,,3',,Zone 3 · RPE 5-6,,,2',,Zone 4 · RPE 7-8,,,3',,Zone 3 · RPE 5-6,,,15',,Zone 1 · RPE 2-3,,,,,,,,,,,,,,,,,,,,,,,,,,,,,,,,,,,,,,,,,,,,,,,,,,,,
RUN-032,Lopen,20%,Zone 4 · RPE 7-8,67,60,,Over-Under,Halve,15',,Zone 2 · RPE 4,,,2',,Zone 4 · RPE 7-8,,,3',,Zone 3 · RPE 5-6,,,2',,Zone 4 · RPE 7-8,,,3',,Zone 3 · RPE 5-6,,,2',,Zone 4 · RPE 7-8,,,3',,Zone 3 · RPE 5-6,,,2',,Zone 4 · RPE 7-8,,,3',,Zone 3 · RPE 5-6,,,2',,Zone 4 · RPE 7-8,,,3',,Zone 3 · RPE 5-6,,,2',,Zone 4 · RPE 7-8,,,3',,Zone 3 · RPE 5-6,,,15',,Zone 1 · RPE 2-3,,,,,,,,,,,,,,,,,,,,,,,,,,,,,,,,,,,,,,,,,,,,,,,,,,,,,,,,,,,,,,,,,,,,,,,,,,,,,,,,,,
RUN-033,Lopen,20%,Zone 4 · RPE 7-8,90,75,,Over-Under,Halve,15',,Zone 2 · RPE 4,,,2',,Zone 4 · RPE 7-8,,,3',,Zone 3 · RPE 5-6,,,2',,Zone 4 · RPE 7-8,,,3',,Zone 3 · RPE 5-6,,,2',,Zone 4 · RPE 7-8,,,3',,Zone 3 · RPE 5-6,,,2',,Zone 4 · RPE 7-8,,,3',,Zone 3 · RPE 5-6,,,2',,Zone 4 · RPE 7-8,,,3',,Zone 3 · RPE 5-6,,,2',,Zone 4 · RPE 7-8,,,3',,Zone 3 · RPE 5-6,,,2',,Zone 4 · RPE 7-8,,,3',,Zone 3 · RPE 5-6,,,2',,Zone 4 · RPE 7-8,,,3',,Zone 3 · RPE 5-6,,,2',,Zone 4 · RPE 7-8,,,3',,Zone 3 · RPE 5-6,,,15',,Zone 1 · RPE 2-3,,,,,,,,,,,,,,,,,,,,,,,,,,,,,,,,,,,,,,,,,,,,,,,,,,,,
RUN-034,Lopen,20%,Zone 4 · RPE 7-8,90,75,,Over-Under,Halve,15',,Zone 2 · RPE 4,,,2',,Zone 4 · RPE 7-8,,,3',,Zone 3 · RPE 5-6,,,2',,Zone 4 · RPE 7-8,,,3',,Zone 3 · RPE 5-6,,,2',,Zone 4 · RPE 7-8,,,3',,Zone 3 · RPE 5-6,,,2',,Zone 4 · RPE 7-8,,,3',,Zone 3 · RPE 5-6,,,2',,Zone 4 · RPE 7-8,,,3',,Zone 3 · RPE 5-6,,,2',,Zone 4 · RPE 7-8,,,3',,Zone 3 · RPE 5-6,,,2',,Zone 4 · RPE 7-8,,,3',,Zone 3 · RPE 5-6,,,2',,Zone 4 · RPE 7-8,,,3',,Zone 3 · RPE 5-6,,,2',,Zone 4 · RPE 7-8,,,3',,Zone 3 · RPE 5-6,,,15',,Zone 1 · RPE 2-3,,,,,,,,,,,,,,,,,,,,,,,,,,,,,,,,,,,,,,,,,,,,,,,,,,,,
RUN-035,Lopen,20%,Zone 4 · RPE 7-8,90,75,,Over-Under,Halve,15',,Zone 2 · RPE 4,,,2',,Zone 4 · RPE 7-8,,,3',,Zone 3 · RPE 5-6,,,2',,Zone 4 · RPE 7-8,,,3',,Zone 3 · RPE 5-6,,,2',,Zone 4 · RPE 7-8,,,3',,Zone 3 · RPE 5-6,,,2',,Zone 4 · RPE 7-8,,,3',,Zone 3 · RPE 5-6,,,2',,Zone 4 · RPE 7-8,,,3',,Zone 3 · RPE 5-6,,,2',,Zone 4 · RPE 7-8,,,3',,Zone 3 · RPE 5-6,,,2',,Zone 4 · RPE 7-8,,,3',,Zone 3 · RPE 5-6,,,2',,Zone 4 · RPE 7-8,,,3',,Zone 3 · RPE 5-6,,,2',,Zone 4 · RPE 7-8,,,3',,Zone 3 · RPE 5-6,,,15',,Zone 1 · RPE 2-3,,,,,,,,,,,,,,,,,,,,,,,,,,,,,,,,,,,,,,,,,,,,,,,,,,,,
RUN-036,Lopen,20%,Zone 5 · RPE 9-10,51,45,,VO2-Max,Sprint,15',,Zone 2 · RPE 4,,,4',,Zone 5 · RPE 9-10,,,1',,Zone 1 · RPE 2-3,,,4',,Zone 5 · RPE 9-10,,,1',,Zone 1 · RPE 2-3,,,4',,Zone 5 · RPE 9-10,,,16',,Zone 1 · RPE 2-3,,,,,,,,,,,,,,,,,,,,,,,,,,,,,,,,,,,,,,,,,,,,,,,,,,,,,,,,,,,,,,,,,,,,,,,,,,,,,,,,,,,,,,,,,,,,,,,,,,,,,,,,,,,,,,,,,,,,,
RUN-037,Lopen,20%,Zone 5 · RPE 9-10,46,45,,VO2-Max,Sprint,15',,Zone 2 · RPE 4,,,3',,Zone 5 · RPE 9-10,,,2',,Zone 1 · RPE 2-3,,,3',,Zone 5 · RPE 9-10,,,2',,Zone 1 · RPE 2-3,,,3',,Zone 5 · RPE 9-10,,,17',,Zone 1 · RPE 2-3,,,,,,,,,,,,,,,,,,,,,,,,,,,,,,,,,,,,,,,,,,,,,,,,,,,,,,,,,,,,,,,,,,,,,,,,,,,,,,,,,,,,,,,,,,,,,,,,,,,,,,,,,,,,,,,,,,,,,
RUN-038,Lopen,20%,Zone 5 · RPE 9-10,80,60,,VO2-Max,Sprint,15',,Zone 2 · RPE 4,,,4',,Zone 5 · RPE 9-10,,,1',,Zone 1 · RPE 2-3,,,4',,Zone 5 · RPE 9-10,,,1',,Zone 1 · RPE 2-3,,,4',,Zone 5 · RPE 9-10,,,1',,Zone 1 · RPE 2-3,,,4',,Zone 5 · RPE 9-10,,,1',,Zone 1 · RPE 2-3,,,4',,Zone 5 · RPE 9-10,,,1',,Zone 1 · RPE 2-3,,,4',,Zone 5 · RPE 9-10,,,16',,Zone 1 · RPE 2-3,,,,,,,,,,,,,,,,,,,,,,,,,,,,,,,,,,,,,,,,,,,,,,,,,,,,,,,,,,,,,,,,,,,,,,,,,,,,,,,,,,,,,,,
RUN-039,Lopen,20%,Zone 5 · RPE 9-10,80,60,,VO2-Max,Sprint,15',,Zone 2 · RPE 4,,,4',,Zone 5 · RPE 9-10,,,1',,Zone 1 · RPE 2-3,,,4',,Zone 5 · RPE 9-10,,,1',,Zone 1 · RPE 2-3,,,4',,Zone 5 · RPE 9-10,,,1',,Zone 1 · RPE 2-3,,,4',,Zone 5 · RPE 9-10,,,1',,Zone 1 · RPE 2-3,,,4',,Zone 5 · RPE 9-10,,,1',,Zone 1 · RPE 2-3,,,4',,Zone 5 · RPE 9-10,,,16',,Zone 1 · RPE 2-3,,,,,,,,,,,,,,,,,,,,,,,,,,,,,,,,,,,,,,,,,,,,,,,,,,,,,,,,,,,,,,,,,,,,,,,,,,,,,,,,,,,,,,,
RUN-040,Lopen,20%,Zone 5 · RPE 9-10,46,45,,VO2-Max,Sprint,15',,Zone 2 · RPE 4,,,3',,Zone 5 · RPE 9-10,,,2',,Zone 1 · RPE 2-3,,,3',,Zone 5 · RPE 9-10,,,2',,Zone 1 · RPE 2-3,,,3',,Zone 5 · RPE 9-10,,,17',,Zone 1 · RPE 2-3,,,,,,,,,,,,,,,,,,,,,,,,,,,,,,,,,,,,,,,,,,,,,,,,,,,,,,,,,,,,,,,,,,,,,,,,,,,,,,,,,,,,,,,,,,,,,,,,,,,,,,,,,,,,,,,,,,,,,
RUN-041,Lopen,20%,Zone 5 · RPE 9-10,67,60,,VO2-Max,Sprint,15',,Zone 2 · RPE 4,,,1',,Zone 5 · RPE 9-10,,,1',,Zone 1 · RPE 2-3,,,2',,Zone 5 · RPE 9-10,,,2',,Zone 1 · RPE 2-3,,,3',,Zone 5 · RPE 9-10,,,3',,Zone 1 · RPE 2-3,,,4',,Zone 5 · RPE 9-10,,,4',,Zone 1 · RPE 2-3,,,3',,Zone 5 · RPE 9-10,,,3',,Zone 1 · RPE 2-3,,,2',,Zone 5 · RPE 9-10,,,2',,Zone 1 · RPE 2-3,,,1',,Zone 5 · RPE 9-10,,,14',,Zone 1 · RPE 2-3,,,,,,,,,,,,,,,,,,,,,,,,,,,,,,,,,,,,,,,,,,,,,,,,,,,,,,,,,,,,,,,,,,,,,,,,,,,,,
RUN-042,Lopen,20%,Zone 5 · RPE 9-10,46,45,,VO2-Max,Sprint,15',,Zone 2 · RPE 4,,,1',,Zone 5 · RPE 9-10,,,1',,Zone 1 · RPE 2-3,,,2',,Zone 5 · RPE 9-10,,,2',,Zone 1 · RPE 2-3,,,3',,Zone 5 · RPE 9-10,,,3',,Zone 1 · RPE 2-3,,,2',,Zone 5 · RPE 9-10,,,2',,Zone 1 · RPE 2-3,,,1',,Zone 5 · RPE 9-10,,,13',,Zone 1 · RPE 2-3,,,,,,,,,,,,,,,,,,,,,,,,,,,,,,,,,,,,,,,,,,,,,,,,,,,,,,,,,,,,,,,,,,,,,,,,,,,,,,,,,,,,,,,,,,,,,,,,,
RUN-043,Lopen,20%,Zone 5 · RPE 9-10,67,60,,VO2-Max,Sprint,15',,Zone 2 · RPE 4,,,1',,Zone 5 · RPE 9-10,,,1',,Zone 1 · RPE 2-3,,,2',,Zone 5 · RPE 9-10,,,2',,Zone 1 · RPE 2-3,,,3',,Zone 5 · RPE 9-10,,,3',,Zone 1 · RPE 2-3,,,4',,Zone 5 · RPE 9-10,,,4',,Zone 1 · RPE 2-3,,,3',,Zone 5 · RPE 9-10,,,3',,Zone 1 · RPE 2-3,,,2',,Zone 5 · RPE 9-10,,,2',,Zone 1 · RPE 2-3,,,1',,Zone 5 · RPE 9-10,,,14',,Zone 1 · RPE 2-3,,,,,,,,,,,,,,,,,,,,,,,,,,,,,,,,,,,,,,,,,,,,,,,,,,,,,,,,,,,,,,,,,,,,,,,,,,,,,
RUN-044,Lopen,20%,Zone 5 · RPE 9-10,67,60,,VO2-Max,Sprint,15',,Zone 2 · RPE 4,,,1',,Zone 5 · RPE 9-10,,,1',,Zone 1 · RPE 2-3,,,2',,Zone 5 · RPE 9-10,,,2',,Zone 1 · RPE 2-3,,,3',,Zone 5 · RPE 9-10,,,3',,Zone 1 · RPE 2-3,,,4',,Zone 5 · RPE 9-10,,,4',,Zone 1 · RPE 2-3,,,3',,Zone 5 · RPE 9-10,,,3',,Zone 1 · RPE 2-3,,,2',,Zone 5 · RPE 9-10,,,2',,Zone 1 · RPE 2-3,,,1',,Zone 5 · RPE 9-10,,,14',,Zone 1 · RPE 2-3,,,,,,,,,,,,,,,,,,,,,,,,,,,,,,,,,,,,,,,,,,,,,,,,,,,,,,,,,,,,,,,,,,,,,,,,,,,,,
RUN-045,Lopen,20%,Zone 5 · RPE 9-10,67,60,,VO2-Max,Sprint,15',,Zone 2 · RPE 4,,,1',,Zone 5 · RPE 9-10,,,1',,Zone 1 · RPE 2-3,,,2',,Zone 5 · RPE 9-10,,,2',,Zone 1 · RPE 2-3,,,3',,Zone 5 · RPE 9-10,,,3',,Zone 1 · RPE 2-3,,,4',,Zone 5 · RPE 9-10,,,4',,Zone 1 · RPE 2-3,,,3',,Zone 5 · RPE 9-10,,,3',,Zone 1 · RPE 2-3,,,2',,Zone 5 · RPE 9-10,,,2',,Zone 1 · RPE 2-3,,,1',,Zone 5 · RPE 9-10,,,14',,Zone 1 · RPE 2-3,,,,,,,,,,,,,,,,,,,,,,,,,,,,,,,,,,,,,,,,,,,,,,,,,,,,,,,,,,,,,,,,,,,,,,,,,,,,,
RUN-046,Lopen,20%,Zone 4 · RPE 7-8,109,120,,Duur+,Volledige,15',,Zone 1 · RPE 2-3,,,75',,Zone 2 · RPE 4,,,15',,Zone 3 · RPE 5-6,,,15',,Zone 1 · RPE 2-3,,,,,,,,,,,,,,,,,,,,,,,,,,,,,,,,,,,,,,,,,,,,,,,,,,,,,,,,,,,,,,,,,,,,,,,,,,,,,,,,,,,,,,,,,,,,,,,,,,,,,,,,,,,,,,,,,,,,,,,,,,,,,,,,,,,,
RUN-047,Lopen,20%,Zone 4 · RPE 7-8,80,90,,Duur+,Volledige,15',,Zone 1 · RPE 2-3,,,45',,Zone 2 · RPE 4,,,15',,Zone 3 · RPE 5-6,,,15',,Zone 1 · RPE 2-3,,,,,,,,,,,,,,,,,,,,,,,,,,,,,,,,,,,,,,,,,,,,,,,,,,,,,,,,,,,,,,,,,,,,,,,,,,,,,,,,,,,,,,,,,,,,,,,,,,,,,,,,,,,,,,,,,,,,,,,,,,,,,,,,,,,,
RUN-048,Lopen,20%,Zone 4 · RPE 7-8,80,90,,Duur+,Volledige,15',,Zone 1 · RPE 2-3,,,45',,Zone 2 · RPE 4,,,15',,Zone 3 · RPE 5-6,,,15',,Zone 1 · RPE 2-3,,,,,,,,,,,,,,,,,,,,,,,,,,,,,,,,,,,,,,,,,,,,,,,,,,,,,,,,,,,,,,,,,,,,,,,,,,,,,,,,,,,,,,,,,,,,,,,,,,,,,,,,,,,,,,,,,,,,,,,,,,,,,,,,,,,,
RUN-049,Lopen,20%,Zone 4 · RPE 7-8,80,90,,Duur+,Volledige,15',,Zone 1 · RPE 2-3,,,45',,Zone 2 · RPE 4,,,15',,Zone 3 · RPE 5-6,,,15',,Zone 1 · RPE 2-3,,,,,,,,,,,,,,,,,,,,,,,,,,,,,,,,,,,,,,,,,,,,,,,,,,,,,,,,,,,,,,,,,,,,,,,,,,,,,,,,,,,,,,,,,,,,,,,,,,,,,,,,,,,,,,,,,,,,,,,,,,,,,,,,,,,,
RUN-050,Lopen,20%,Zone 4 · RPE 7-8,109,120,,Duur+,Volledige,15',,Zone 1 · RPE 2-3,,,75',,Zone 2 · RPE 4,,,15',,Zone 3 · RPE 5-6,,,15',,Zone 1 · RPE 2-3,,,,,,,,,,,,,,,,,,,,,,,,,,,,,,,,,,,,,,,,,,,,,,,,,,,,,,,,,,,,,,,,,,,,,,,,,,,,,,,,,,,,,,,,,,,,,,,,,,,,,,,,,,,,,,,,,,,,,,,,,,,,,,,,,,,,
SWI-007,Zwemmen,80%,Zone 2 · RPE 4,28,,2500,Duur,Volledige,,500m,Zone 1 · RPE 2-3,,Vrije Slag,,1500m,Zone 2 · RPE 4,,Vrije Slag,,500m,Zone 1 · RPE 2-3,,Vrije Slag,,,,,,,,,,,,,,,,,,,,,,,,,,,,,,,,,,,,,,,,,,,,,,,,,,,,,,,,,,,,,,,,,,,,,,,,,,,,,,,,,,,,,,,,,,,,,,,,,,,,,,,,,,,,,,,,,,,,,,,,,,,,,,,,,,,,,,,
SWI-008,Zwemmen,80%,Zone 2 · RPE 4,28,,2500,Duur,Volledige,,500m,Zone 1 · RPE 2-3,,Vrije Slag,,1500m,Zone 2 · RPE 4,,Vrije Slag,,500m,Zone 1 · RPE 2-3,,Vrije Slag,,,,,,,,,,,,,,,,,,,,,,,,,,,,,,,,,,,,,,,,,,,,,,,,,,,,,,,,,,,,,,,,,,,,,,,,,,,,,,,,,,,,,,,,,,,,,,,,,,,,,,,,,,,,,,,,,,,,,,,,,,,,,,,,,,,,,,,
SWI-009,Zwemmen,80%,Zone 2 · RPE 4,21,,2000,Duur,Halve,,500m,Zone 1 · RPE 2-3,,Vrije Slag,,1000m,Zone 2 · RPE 4,,Vrije Slag,,500m,Zone 1 · RPE 2-3,,Vrije Slag,,,,,,,,,,,,,,,,,,,,,,,,,,,,,,,,,,,,,,,,,,,,,,,,,,,,,,,,,,,,,,,,,,,,,,,,,,,,,,,,,,,,,,,,,,,,,,,,,,,,,,,,,,,,,,,,,,,,,,,,,,,,,,,,,,,,,,,
SWI-010,Zwemmen,80%,Zone 2 · RPE 4,35,,3000,Duur,Volledige,,500m,Zone 1 · RPE 2-3,,Vrije Slag,,2000m,Zone 2 · RPE 4,,Vrije Slag,,500m,Zone 1 · RPE 2-3,,Vrije Slag,,,,,,,,,,,,,,,,,,,,,,,,,,,,,,,,,,,,,,,,,,,,,,,,,,,,,,,,,,,,,,,,,,,,,,,,,,,,,,,,,,,,,,,,,,,,,,,,,,,,,,,,,,,,,,,,,,,,,,,,,,,,,,,,,,,,,,,
SWI-011,Zwemmen,80%,Zone 2 · RPE 4,21,,2000,Duur,Halve,,500m,Zone 1 · RPE 2-3,,Vrije Slag,,1000m,Zone 2 · RPE 4,,Vrije Slag,,500m,Zone 1 · RPE 2-3,,Vrije Slag,,,,,,,,,,,,,,,,,,,,,,,,,,,,,,,,,,,,,,,,,,,,,,,,,,,,,,,,,,,,,,,,,,,,,,,,,,,,,,,,,,,,,,,,,,,,,,,,,,,,,,,,,,,,,,,,,,,,,,,,,,,,,,,,,,,,,,,
SWI-012,Zwemmen,80%,Zone 2 · RPE 4,35,,3000,Duur,Volledige,,500m,Zone 1 · RPE 2-3,,Vrije Slag,,2000m,Zone 2 · RPE 4,,Vrije Slag,,500m,Zone 1 · RPE 2-3,,Vrije Slag,,,,,,,,,,,,,,,,,,,,,,,,,,,,,,,,,,,,,,,,,,,,,,,,,,,,,,,,,,,,,,,,,,,,,,,,,,,,,,,,,,,,,,,,,,,,,,,,,,,,,,,,,,,,,,,,,,,,,,,,,,,,,,,,,,,,,,,
SWI-013,Zwemmen,80%,Zone 2 · RPE 4,28,,2500,Wisselduur,Halve,,500m,Zone 1 · RPE 2-3,,Vrije Slag,,500m,Zone 2 · RPE 4,Pull Buoy,Vrije Slag,,500m,Zone 2 · RPE 4,,Vrije Slag,,500m,Zone 2 · RPE 4,Pull Buoy,Vrije Slag,,500m,Zone 1 · RPE 2-3,,Vrije Slag,,,,,,,,,,,,,,,,,,,,,,,,,,,,,,,,,,,,,,,,,,,,,,,,,,,,,,,,,,,,,,,,,,,,,,,,,,,,,,,,,,,,,,,,,,,,,,,,,,,,,,,,,,,,,,,,,,,,,,,,,,,,,
SWI-014,Zwemmen,80%,Zone 2 · RPE 4,21,,2000,Wisselduur,Halve,,500m,Zone 1 · RPE 2-3,,Vrije Slag,,500m,Zone 2 · RPE 4,Pull Buoy,Vrije Slag,,500m,Zone 2 · RPE 4,,Vrije Slag,,500m,Zone 1 · RPE 2-3,,Vrije Slag,,,,,,,,,,,,,,,,,,,,,,,,,,,,,,,,,,,,,,,,,,,,,,,,,,,,,,,,,,,,,,,,,,,,,,,,,,,,,,,,,,,,,,,,,,,,,,,,,,,,,,,,,,,,,,,,,,,,,,,,,,,,,,,,,,
SWI-015,Zwemmen,80%,Zone 2 · RPE 4,28,,2500,Wisselduur,Halve,,500m,Zone 1 · RPE 2-3,,Vrije Slag,,500m,Zone 2 · RPE 4,Pull Buoy,Vrije Slag,,500m,Zone 2 · RPE 4,,Vrije Slag,,500m,Zone 2 · RPE 4,Pull Buoy,Vrije Slag,,500m,Zone 1 · RPE 2-3,,Vrije Slag,,,,,,,,,,,,,,,,,,,,,,,,,,,,,,,,,,,,,,,,,,,,,,,,,,,,,,,,,,,,,,,,,,,,,,,,,,,,,,,,,,,,,,,,,,,,,,,,,,,,,,,,,,,,,,,,,,,,,,,,,,,,,
SWI-016,Zwemmen,80%,Zone 2 · RPE 4,28,,2500,Wisselduur,Halve,,500m,Zone 1 · RPE 2-3,,Vrije Slag,,500m,Zone 2 · RPE 4,Pull Buoy,Vrije Slag,,500m,Zone 2 · RPE 4,,Vrije Slag,,500m,Zone 2 · RPE 4,Pull Buoy,Vrije Slag,,500m,Zone 1 · RPE 2-3,,Vrije Slag,,,,,,,,,,,,,,,,,,,,,,,,,,,,,,,,,,,,,,,,,,,,,,,,,,,,,,,,,,,,,,,,,,,,,,,,,,,,,,,,,,,,,,,,,,,,,,,,,,,,,,,,,,,,,,,,,,,,,,,,,,,,,
SWI-017,Zwemmen,80%,Zone 2 · RPE 4,28,,2500,Wisselduur,Halve,,500m,Zone 1 · RPE 2-3,,Vrije Slag,,500m,Zone 2 · RPE 4,Pull Buoy,Vrije Slag,,500m,Zone 2 · RPE 4,,Vrije Slag,,500m,Zone 2 · RPE 4,Pull Buoy,Vrije Slag,,500m,Zone 1 · RPE 2-3,,Vrije Slag,,,,,,,,,,,,,,,,,,,,,,,,,,,,,,,,,,,,,,,,,,,,,,,,,,,,,,,,,,,,,,,,,,,,,,,,,,,,,,,,,,,,,,,,,,,,,,,,,,,,,,,,,,,,,,,,,,,,,,,,,,,,,
SWI-018,Zwemmen,80%,Zone 2 · RPE 4,21,,2000,Wisselduur,Halve,,500m,Zone 1 · RPE 2-3,,Vrije Slag,,500m,Zone 2 · RPE 4,Pull Buoy,Vrije Slag,,500m,Zone 2 · RPE 4,,Vrije Slag,,500m,Zone 1 · RPE 2-3,,Vrije Slag,,,,,,,,,,,,,,,,,,,,,,,,,,,,,,,,,,,,,,,,,,,,,,,,,,,,,,,,,,,,,,,,,,,,,,,,,,,,,,,,,,,,,,,,,,,,,,,,,,,,,,,,,,,,,,,,,,,,,,,,,,,,,,,,,,
SWI-019,Zwemmen,20%,Zone 4 · RPE 7-8,53,,2500,Drempel,Halve,,500m,Zone 2 · RPE 4,,Vrije Slag,,200m,Zone 4 · RPE 7-8,,Vrije Slag,,50m,Zone 1 · RPE 2-3,,Vrije Slag,,200m,Zone 4 · RPE 7-8,,Vrije Slag,,50m,Zone 1 · RPE 2-3,,Vrije Slag,,200m,Zone 4 · RPE 7-8,,Vrije Slag,,50m,Zone 1 · RPE 2-3,,Vrije Slag,,200m,Zone 4 · RPE 7-8,,Vrije Slag,,50m,Zone 1 · RPE 2-3,,Vrije Slag,,200m,Zone 4 · RPE 7-8,,Vrije Slag,,50m,Zone 1 · RPE 2-3,,Vrije Slag,,200m,Zone 4 · RPE 7-8,,Vrije Slag,,550m,Zone 1 · RPE 2-3,,Vrije Slag,,,,,,,,,,,,,,,,,,,,,,,,,,,,,,,,,,,,,,,,,,,,,,,,,,,,,,,,,,,,,,,,,,,,,,,,,,,,,,,,,,,,,
SWI-020,Zwemmen,20%,Zone 4 · RPE 7-8,39,,2000,Drempel,Halve,,500m,Zone 2 · RPE 4,,Vrije Slag,,200m,Zone 4 · RPE 7-8,,Vrije Slag,,50m,Zone 1 · RPE 2-3,,Vrije Slag,,200m,Zone 4 · RPE 7-8,,Vrije Slag,,50m,Zone 1 · RPE 2-3,,Vrije Slag,,200m,Zone 4 · RPE 7-8,,Vrije Slag,,50m,Zone 1 · RPE 2-3,,Vrije Slag,,200m,Zone 4 · RPE 7-8,,Vrije Slag,,550m,Zone 1 · RPE 2-3,,Vrije Slag,,,,,,,,,,,,,,,,,,,,,,,,,,,,,,,,,,,,,,,,,,,,,,,,,,,,,,,,,,,,,,,,,,,,,,,,,,,,,,,,,,,,,,,,,,,,,,,,,,,,,,,,,
SWI-021,Zwemmen,20%,Zone 4 · RPE 7-8,53,,2500,Drempel,Halve,,500m,Zone 2 · RPE 4,,Vrije Slag,,200m,Zone 4 · RPE 7-8,,Vrije Slag,,50m,Zone 1 · RPE 2-3,,Vrije Slag,,200m,Zone 4 · RPE 7-8,,Vrije Slag,,50m,Zone 1 · RPE 2-3,,Vrije Slag,,200m,Zone 4 · RPE 7-8,,Vrije Slag,,50m,Zone 1 · RPE 2-3,,Vrije Slag,,200m,Zone 4 · RPE 7-8,,Vrije Slag,,50m,Zone 1 · RPE 2-3,,Vrije Slag,,200m,Zone 4 · RPE 7-8,,Vrije Slag,,50m,Zone 1 · RPE 2-3,,Vrije Slag,,200m,Zone 4 · RPE 7-8,,Vrije Slag,,550m,Zone 1 · RPE 2-3,,Vrije Slag,,,,,,,,,,,,,,,,,,,,,,,,,,,,,,,,,,,,,,,,,,,,,,,,,,,,,,,,,,,,,,,,,,,,,,,,,,,,,,,,,,,,,
SWI-022,Zwemmen,20%,Zone 4 · RPE 7-8,39,,2000,Drempel,Halve,,500m,Zone 2 · RPE 4,,Vrije Slag,,200m,Zone 4 · RPE 7-8,,Vrije Slag,,50m,Zone 1 · RPE 2-3,,Vrije Slag,,200m,Zone 4 · RPE 7-8,,Vrije Slag,,50m,Zone 1 · RPE 2-3,,Vrije Slag,,200m,Zone 4 · RPE 7-8,,Vrije Slag,,50m,Zone 1 · RPE 2-3,,Vrije Slag,,200m,Zone 4 · RPE 7-8,,Vrije Slag,,550m,Zone 1 · RPE 2-3,,Vrije Slag,,,,,,,,,,,,,,,,,,,,,,,,,,,,,,,,,,,,,,,,,,,,,,,,,,,,,,,,,,,,,,,,,,,,,,,,,,,,,,,,,,,,,,,,,,,,,,,,,,,,,,,,,
SWI-023,Zwemmen,20%,Zone 4 · RPE 7-8,53,,2500,Drempel,Halve,,500m,Zone 2 · RPE 4,,Vrije Slag,,200m,Zone 4 · RPE 7-8,,Vrije Slag,,50m,Zone 1 · RPE 2-3,,Vrije Slag,,200m,Zone 4 · RPE 7-8,,Vrije Slag,,50m,Zone 1 · RPE 2-3,,Vrije Slag,,200m,Zone 4 · RPE 7-8,,Vrije Slag,,50m,Zone 1 · RPE 2-3,,Vrije Slag,,200m,Zone 4 · RPE 7-8,,Vrije Slag,,50m,Zone 1 · RPE 2-3,,Vrije Slag,,200m,Zone 4 · RPE 7-8,,Vrije Slag,,50m,Zone 1 · RPE 2-3,,Vrije Slag,,200m,Zone 4 · RPE 7-8,,Vrije Slag,,550m,Zone 1 · RPE 2-3,,Vrije Slag,,,,,,,,,,,,,,,,,,,,,,,,,,,,,,,,,,,,,,,,,,,,,,,,,,,,,,,,,,,,,,,,,,,,,,,,,,,,,,,,,,,,,
SWI-024,Zwemmen,20%,Zone 4 · RPE 7-8,39,,2000,Drempel,Halve,,500m,Zone 2 · RPE 4,,Vrije Slag,,200m,Zone 4 · RPE 7-8,,Vrije Slag,,50m,Zone 1 · RPE 2-3,,Vrije Slag,,200m,Zone 4 · RPE 7-8,,Vrije Slag,,50m,Zone 1 · RPE 2-3,,Vrije Slag,,200m,Zone 4 · RPE 7-8,,Vrije Slag,,50m,Zone 1 · RPE 2-3,,Vrije Slag,,200m,Zone 4 · RPE 7-8,,Vrije Slag,,550m,Zone 1 · RPE 2-3,,Vrije Slag,,,,,,,,,,,,,,,,,,,,,,,,,,,,,,,,,,,,,,,,,,,,,,,,,,,,,,,,,,,,,,,,,,,,,,,,,,,,,,,,,,,,,,,,,,,,,,,,,,,,,,,,,
SWI-025,Zwemmen,20%,Zone 5 · RPE 9-10,19,,1500,Weerstand,Sprint,,500m,Zone 2 · RPE 4,,Vrije Slag,,50m,Zone 5 · RPE 9-10,Paddles,Vrije Slag,,200m,Zone 1 · RPE 2-3,,Vrije Slag,,50m,Zone 5 · RPE 9-10,Paddles,Vrije Slag,,700m,Zone 1 · RPE 2-3,,Vrije Slag,,,,,,,,,,,,,,,,,,,,,,,,,,,,,,,,,,,,,,,,,,,,,,,,,,,,,,,,,,,,,,,,,,,,,,,,,,,,,,,,,,,,,,,,,,,,,,,,,,,,,,,,,,,,,,,,,,,,,,,,,,,,,
SWI-026,Zwemmen,20%,Zone 5 · RPE 9-10,19,,1500,Weerstand,Sprint,,500m,Zone 2 · RPE 4,,Vrije Slag,,50m,Zone 5 · RPE 9-10,Paddles,Vrije Slag,,200m,Zone 1 · RPE 2-3,,Vrije Slag,,50m,Zone 5 · RPE 9-10,Paddles,Vrije Slag,,700m,Zone 1 · RPE 2-3,,Vrije Slag,,,,,,,,,,,,,,,,,,,,,,,,,,,,,,,,,,,,,,,,,,,,,,,,,,,,,,,,,,,,,,,,,,,,,,,,,,,,,,,,,,,,,,,,,,,,,,,,,,,,,,,,,,,,,,,,,,,,,,,,,,,,,
SWI-027,Zwemmen,20%,Zone 5 · RPE 9-10,19,,1500,Weerstand,Sprint,,500m,Zone 2 · RPE 4,,Vrije Slag,,50m,Zone 5 · RPE 9-10,Paddles,Vrije Slag,,200m,Zone 1 · RPE 2-3,,Vrije Slag,,50m,Zone 5 · RPE 9-10,Paddles,Vrije Slag,,700m,Zone 1 · RPE 2-3,,Vrije Slag,,,,,,,,,,,,,,,,,,,,,,,,,,,,,,,,,,,,,,,,,,,,,,,,,,,,,,,,,,,,,,,,,,,,,,,,,,,,,,,,,,,,,,,,,,,,,,,,,,,,,,,,,,,,,,,,,,,,,,,,,,,,,
SWI-028,Zwemmen,20%,Zone 5 · RPE 9-10,27,,2000,Weerstand,Sprint,,500m,Zone 2 · RPE 4,,Vrije Slag,,50m,Zone 5 · RPE 9-10,Paddles,Vrije Slag,,200m,Zone 1 · RPE 2-3,,Vrije Slag,,50m,Zone 5 · RPE 9-10,Paddles,Vrije Slag,,200m,Zone 1 · RPE 2-3,,Vrije Slag,,50m,Zone 5 · RPE 9-10,Paddles,Vrije Slag,,200m,Zone 1 · RPE 2-3,,Vrije Slag,,50m,Zone 5 · RPE 9-10,Paddles,Vrije Slag,,700m,Zone 1 · RPE 2-3,,Vrije Slag,,,,,,,,,,,,,,,,,,,,,,,,,,,,,,,,,,,,,,,,,,,,,,,,,,,,,,,,,,,,,,,,,,,,,,,,,,,,,,,,,,,,,,,,,,,,,,,,,,,,,,,,,
SWI-029,Zwemmen,20%,Zone 5 · RPE 9-10,27,,2000,Weerstand,Sprint,,500m,Zone 2 · RPE 4,,Vrije Slag,,50m,Zone 5 · RPE 9-10,Paddles,Vrije Slag,,200m,Zone 1 · RPE 2-3,,Vrije Slag,,50m,Zone 5 · RPE 9-10,Paddles,Vrije Slag,,200m,Zone 1 · RPE 2-3,,Vrije Slag,,50m,Zone 5 · RPE 9-10,Paddles,Vrije Slag,,200m,Zone 1 · RPE 2-3,,Vrije Slag,,50m,Zone 5 · RPE 9-10,Paddles,Vrije Slag,,700m,Zone 1 · RPE 2-3,,Vrije Slag,,,,,,,,,,,,,,,,,,,,,,,,,,,,,,,,,,,,,,,,,,,,,,,,,,,,,,,,,,,,,,,,,,,,,,,,,,,,,,,,,,,,,,,,,,,,,,,,,,,,,,,,,
SWI-030,Zwemmen,20%,Zone 5 · RPE 9-10,27,,2000,Weerstand,Sprint,,500m,Zone 2 · RPE 4,,Vrije Slag,,50m,Zone 5 · RPE 9-10,Paddles,Vrije Slag,,200m,Zone 1 · RPE 2-3,,Vrije Slag,,50m,Zone 5 · RPE 9-10,Paddles,Vrije Slag,,200m,Zone 1 · RPE 2-3,,Vrije Slag,,50m,Zone 5 · RPE 9-10,Paddles,Vrije Slag,,200m,Zone 1 · RPE 2-3,,Vrije Slag,,50m,Zone 5 · RPE 9-10,Paddles,Vrije Slag,,700m,Zone 1 · RPE 2-3,,Vrije Slag,,,,,,,,,,,,,,,,,,,,,,,,,,,,,,,,,,,,,,,,,,,,,,,,,,,,,,,,,,,,,,,,,,,,,,,,,,,,,,,,,,,,,,,,,,,,,,,,,,,,,,,,,
SWI-031,Zwemmen,80%,Zone 1 · RPE 2-3,9,,700,Basis,Fitheid,,50m,Zone 1 · RPE 2-3,,Schoolslag,,50m,Zone 2 · RPE 4,,Schoolslag,,50m,Zone 2 · RPE 4,,Schoolslag,,50m,Zone 2 · RPE 4,,Schoolslag,,50m,Zone 2 · RPE 4,,Schoolslag,,50m,Zone 2 · RPE 4,,Schoolslag,,50m,Zone 2 · RPE 4,,Schoolslag,,50m,Zone 2 · RPE 4,,Schoolslag,,50m,Zone 2 · RPE 4,,Schoolslag,,50m,Zone 2 · RPE 4,,Schoolslag,,50m,Zone 2 · RPE 4,,Schoolslag,,50m,Zone 2 · RPE 4,,Schoolslag,,50m,Zone 2 · RPE 4,,Schoolslag,,50m,Zone 1 · RPE 2-3,,Schoolslag,,,,,,,,,,,,,,,,,,,,,,,,,,,,,,,,,,,,,,,,,,,,,,,,,,,,,,,,,,,,,,,,,,,,,,,,,,,,,,,,
SWI-032,Zwemmen,80%,Zone 1 · RPE 2-3,11,,800,Basis,Fitheid,,50m,Zone 1 · RPE 2-3,,Schoolslag,,50m,Zone 2 · RPE 4,,Schoolslag,,50m,Zone 2 · RPE 4,,Schoolslag,,50m,Zone 2 · RPE 4,,Schoolslag,,50m,Zone 2 · RPE 4,,Schoolslag,,50m,Zone 2 · RPE 4,,Schoolslag,,50m,Zone 2 · RPE 4,,Schoolslag,,50m,Zone 2 · RPE 4,,Schoolslag,,50m,Zone 2 · RPE 4,,Schoolslag,,50m,Zone 2 · RPE 4,,Schoolslag,,50m,Zone 2 · RPE 4,,Schoolslag,,50m,Zone 2 · RPE 4,,Schoolslag,,50m,Zone 2 · RPE 4,,Schoolslag,,50m,Zone 2 · RPE 4,,Schoolslag,,50m,Zone 2 · RPE 4,,Schoolslag,,50m,Zone 1 · RPE 2-3,,Schoolslag,,,,,,,,,,,,,,,,,,,,,,,,,,,,,,,,,,,,,,,,,,,,,,,,,,,,,,,,,,,,,,,,,,,,,,
SWI-033,Zwemmen,80%,Zone 1 · RPE 2-3,9,,700,Basis,Fitheid,,50m,Zone 1 · RPE 2-3,,Schoolslag,,50m,Zone 2 · RPE 4,,Schoolslag,,50m,Zone 2 · RPE 4,,Schoolslag,,50m,Zone 2 · RPE 4,,Schoolslag,,50m,Zone 2 · RPE 4,,Schoolslag,,50m,Zone 2 · RPE 4,,Schoolslag,,50m,Zone 2 · RPE 4,,Schoolslag,,50m,Zone 2 · RPE 4,,Schoolslag,,50m,Zone 2 · RPE 4,,Schoolslag,,50m,Zone 2 · RPE 4,,Schoolslag,,50m,Zone 2 · RPE 4,,Schoolslag,,50m,Zone 2 · RPE 4,,Schoolslag,,50m,Zone 2 · RPE 4,,Schoolslag,,50m,Zone 1 · RPE 2-3,,Schoolslag,,,,,,,,,,,,,,,,,,,,,,,,,,,,,,,,,,,,,,,,,,,,,,,,,,,,,,,,,,,,,,,,,,,,,,,,,,,,,,,,
SWI-034,Zwemmen,80%,Zone 1 · RPE 2-3,8,,600,Basis,Fitheid,,50m,Zone 1 · RPE 2-3,,Schoolslag,,50m,Zone 2 · RPE 4,,Schoolslag,,50m,Zone 2 · RPE 4,,Schoolslag,,50m,Zone 2 · RPE 4,,Schoolslag,,50m,Zone 2 · RPE 4,,Schoolslag,,50m,Zone 2 · RPE 4,,Schoolslag,,50m,Zone 2 · RPE 4,,Schoolslag,,50m,Zone 2 · RPE 4,,Schoolslag,,50m,Zone 2 · RPE 4,,Schoolslag,,50m,Zone 2 · RPE 4,,Schoolslag,,50m,Zone 2 · RPE 4,,Schoolslag,,50m,Zone 1 · RPE 2-3,,Schoolslag,,,,,,,,,,,,,,,,,,,,,,,,,,,,,,,,,,,,,,,,,,,,,,,,,,,,,,,,,,,,,,,,,,,,,,,,,,,,,,,,,,,,,,,,,,
SWI-035,Zwemmen,80%,Zone 1 · RPE 2-3,11,,800,Basis,Fitheid,,50m,Zone 1 · RPE 2-3,,Schoolslag,,50m,Zone 2 · RPE 4,,Schoolslag,,50m,Zone 2 · RPE 4,,Schoolslag,,50m,Zone 2 · RPE 4,,Schoolslag,,50m,Zone 2 · RPE 4,,Schoolslag,,50m,Zone 2 · RPE 4,,Schoolslag,,50m,Zone 2 · RPE 4,,Schoolslag,,50m,Zone 2 · RPE 4,,Schoolslag,,50m,Zone 2 · RPE 4,,Schoolslag,,50m,Zone 2 · RPE 4,,Schoolslag,,50m,Zone 2 · RPE 4,,Schoolslag,,50m,Zone 2 · RPE 4,,Schoolslag,,50m,Zone 2 · RPE 4,,Schoolslag,,50m,Zone 2 · RPE 4,,Schoolslag,,50m,Zone 2 · RPE 4,,Schoolslag,,50m,Zone 1 · RPE 2-3,,Schoolslag,,,,,,,,,,,,,,,,,,,,,,,,,,,,,,,,,,,,,,,,,,,,,,,,,,,,,,,,,,,,,,,,,,,,,,
SWI-036,Zwemmen,80%,Zone 2 · RPE 4,7,,600,Basis,Sprint,,100m,Zone 1 · RPE 2-3,,Schoolslag,,50m,Zone 2 · RPE 4,,Vrije Slag,,50m,Zone 2 · RPE 4,,Schoolslag,,50m,Zone 2 · RPE 4,,Vrije Slag,,50m,Zone 2 · RPE 4,,Schoolslag,,50m,Zone 2 · RPE 4,,Vrije Slag,,50m,Zone 2 · RPE 4,,Schoolslag,,50m,Zone 2 · RPE 4,,Vrije Slag,,50m,Zone 2 · RPE 4,,Schoolslag,,100m,Zone 1 · RPE 2-3,,Schoolslag,,,,,,,,,,,,,,,,,,,,,,,,,,,,,,,,,,,,,,,,,,,,,,,,,,,,,,,,,,,,,,,,,,,,,,,,,,,,,,,,,,,,,,,,,,,,,,,,,,,,
SWI-037,Zwemmen,80%,Zone 2 · RPE 4,10,,800,Basis,Sprint,,100m,Zone 1 · RPE 2-3,,Schoolslag,,50m,Zone 2 · RPE 4,,Vrije Slag,,50m,Zone 2 · RPE 4,,Schoolslag,,50m,Zone 2 · RPE 4,,Vrije Slag,,50m,Zone 2 · RPE 4,,Schoolslag,,50m,Zone 2 · RPE 4,,Vrije Slag,,50m,Zone 2 · RPE 4,,Schoolslag,,50m,Zone 2 · RPE 4,,Vrije Slag,,50m,Zone 2 · RPE 4,,Schoolslag,,50m,Zone 2 · RPE 4,,Vrije Slag,,50m,Zone 2 · RPE 4,,Schoolslag,,50m,Zone 2 · RPE 4,,Vrije Slag,,50m,Zone 2 · RPE 4,,Schoolslag,,100m,Zone 1 · RPE 2-3,,Schoolslag,,,,,,,,,,,,,,,,,,,,,,,,,,,,,,,,,,,,,,,,,,,,,,,,,,,,,,,,,,,,,,,,,,,,,,,,,,,,,,,,
SWI-038,Zwemmen,80%,Zone 2 · RPE 4,10,,800,Basis,Sprint,,100m,Zone 1 · RPE 2-3,,Schoolslag,,50m,Zone 2 · RPE 4,,Vrije Slag,,50m,Zone 2 · RPE 4,,Schoolslag,,50m,Zone 2 · RPE 4,,Vrije Slag,,50m,Zone 2 · RPE 4,,Schoolslag,,50m,Zone 2 · RPE 4,,Vrije Slag,,50m,Zone 2 · RPE 4,,Schoolslag,,50m,Zone 2 · RPE 4,,Vrije Slag,,50m,Zone 2 · RPE 4,,Schoolslag,,50m,Zone 2 · RPE 4,,Vrije Slag,,50m,Zone 2 · RPE 4,,Schoolslag,,50m,Zone 2 · RPE 4,,Vrije Slag,,50m,Zone 2 · RPE 4,,Schoolslag,,100m,Zone 1 · RPE 2-3,,Schoolslag,,,,,,,,,,,,,,,,,,,,,,,,,,,,,,,,,,,,,,,,,,,,,,,,,,,,,,,,,,,,,,,,,,,,,,,,,,,,,,,,
SWI-039,Zwemmen,80%,Zone 2 · RPE 4,10,,800,Basis,Sprint,,100m,Zone 1 · RPE 2-3,,Schoolslag,,50m,Zone 2 · RPE 4,,Vrije Slag,,50m,Zone 2 · RPE 4,,Schoolslag,,50m,Zone 2 · RPE 4,,Vrije Slag,,50m,Zone 2 · RPE 4,,Schoolslag,,50m,Zone 2 · RPE 4,,Vrije Slag,,50m,Zone 2 · RPE 4,,Schoolslag,,50m,Zone 2 · RPE 4,,Vrije Slag,,50m,Zone 2 · RPE 4,,Schoolslag,,50m,Zone 2 · RPE 4,,Vrije Slag,,50m,Zone 2 · RPE 4,,Schoolslag,,50m,Zone 2 · RPE 4,,Vrije Slag,,50m,Zone 2 · RPE 4,,Schoolslag,,100m,Zone 1 · RPE 2-3,,Schoolslag,,,,,,,,,,,,,,,,,,,,,,,,,,,,,,,,,,,,,,,,,,,,,,,,,,,,,,,,,,,,,,,,,,,,,,,,,,,,,,,,
SWI-040,Zwemmen,80%,Zone 2 · RPE 4,7,,600,Basis,Sprint,,100m,Zone 1 · RPE 2-3,,Schoolslag,,50m,Zone 2 · RPE 4,,Vrije Slag,,50m,Zone 2 · RPE 4,,Schoolslag,,50m,Zone 2 · RPE 4,,Vrije Slag,,50m,Zone 2 · RPE 4,,Schoolslag,,50m,Zone 2 · RPE 4,,Vrije Slag,,50m,Zone 2 · RPE 4,,Schoolslag,,50m,Zone 2 · RPE 4,,Vrije Slag,,50m,Zone 2 · RPE 4,,Schoolslag,,100m,Zone 1 · RPE 2-3,,Schoolslag,,,,,,,,,,,,,,,,,,,,,,,,,,,,,,,,,,,,,,,,,,,,,,,,,,,,,,,,,,,,,,,,,,,,,,,,,,,,,,,,,,,,,,,,,,,,,,,,,,,,
SWI-041,Zwemmen,80%,Zone 2 · RPE 4,18,,1500,Duur,Halve,,200m,Zone 1 · RPE 2-3,,Vrije Slag,,100m,Zone 2 · RPE 4,,Vrije Slag,,100m,Zone 2 · RPE 4,,Vrije Slag,,100m,Zone 2 · RPE 4,,Vrije Slag,,100m,Zone 2 · RPE 4,,Vrije Slag,,100m,Zone 2 · RPE 4,,Vrije Slag,,100m,Zone 2 · RPE 4,,Vrije Slag,,100m,Zone 2 · RPE 4,,Vrije Slag,,100m,Zone 2 · RPE 4,,Vrije Slag,,100m,Zone 2 · RPE 4,,Vrije Slag,,100m,Zone 2 · RPE 4,,Vrije Slag,,100m,Zone 2 · RPE 4,,Vrije Slag,,200m,Zone 1 · RPE 2-3,,Vrije Slag,,,,,,,,,,,,,,,,,,,,,,,,,,,,,,,,,,,,,,,,,,,,,,,,,,,,,,,,,,,,,,,,,,,,,,,,,,,,,,,,,,,,,
SWI-042,Zwemmen,80%,Zone 2 · RPE 4,18,,1500,Duur,Halve,,200m,Zone 1 · RPE 2-3,,Vrije Slag,,100m,Zone 2 · RPE 4,,Vrije Slag,,100m,Zone 2 · RPE 4,,Vrije Slag,,100m,Zone 2 · RPE 4,,Vrije Slag,,100m,Zone 2 · RPE 4,,Vrije Slag,,100m,Zone 2 · RPE 4,,Vrije Slag,,100m,Zone 2 · RPE 4,,Vrije Slag,,100m,Zone 2 · RPE 4,,Vrije Slag,,100m,Zone 2 · RPE 4,,Vrije Slag,,100m,Zone 2 · RPE 4,,Vrije Slag,,100m,Zone 2 · RPE 4,,Vrije Slag,,100m,Zone 2 · RPE 4,,Vrije Slag,,200m,Zone 1 · RPE 2-3,,Vrije Slag,,,,,,,,,,,,,,,,,,,,,,,,,,,,,,,,,,,,,,,,,,,,,,,,,,,,,,,,,,,,,,,,,,,,,,,,,,,,,,,,,,,,,
SWI-043,Zwemmen,80%,Zone 2 · RPE 4,11,,1000,Duur,Halve,,200m,Zone 1 · RPE 2-3,,Vrije Slag,,100m,Zone 2 · RPE 4,,Vrije Slag,,100m,Zone 2 · RPE 4,,Vrije Slag,,100m,Zone 2 · RPE 4,,Vrije Slag,,100m,Zone 2 · RPE 4,,Vrije Slag,,100m,Zone 2 · RPE 4,,Vrije Slag,,100m,Zone 2 · RPE 4,,Vrije Slag,,200m,Zone 1 · RPE 2-3,,Vrije Slag,,,,,,,,,,,,,,,,,,,,,,,,,,,,,,,,,,,,,,,,,,,,,,,,,,,,,,,,,,,,,,,,,,,,,,,,,,,,,,,,,,,,,,,,,,,,,,,,,,,,,,,,,,,,,,
SWI-044,Zwemmen,80%,Zone 2 · RPE 4,11,,1000,Duur,Halve,,200m,Zone 1 · RPE 2-3,,Vrije Slag,,100m,Zone 2 · RPE 4,,Vrije Slag,,100m,Zone 2 · RPE 4,,Vrije Slag,,100m,Zone 2 · RPE 4,,Vrije Slag,,100m,Zone 2 · RPE 4,,Vrije Slag,,100m,Zone 2 · RPE 4,,Vrije Slag,,100m,Zone 2 · RPE 4,,Vrije Slag,,200m,Zone 1 · RPE 2-3,,Vrije Slag,,,,,,,,,,,,,,,,,,,,,,,,,,,,,,,,,,,,,,,,,,,,,,,,,,,,,,,,,,,,,,,,,,,,,,,,,,,,,,,,,,,,,,,,,,,,,,,,,,,,,,,,,,,,,,
SWI-045,Zwemmen,80%,Zone 2 · RPE 4,14,,1200,Duur,Halve,,200m,Zone 1 · RPE 2-3,,Vrije Slag,,100m,Zone 2 · RPE 4,,Vrije Slag,,100m,Zone 2 · RPE 4,,Vrije Slag,,100m,Zone 2 · RPE 4,,Vrije Slag,,100m,Zone 2 · RPE 4,,Vrije Slag,,100m,Zone 2 · RPE 4,,Vrije Slag,,100m,Zone 2 · RPE 4,,Vrije Slag,,100m,Zone 2 · RPE 4,,Vrije Slag,,100m,Zone 2 · RPE 4,,Vrije Slag,,200m,Zone 1 · RPE 2-3,,Vrije Slag,,,,,,,,,,,,,,,,,,,,,,,,,,,,,,,,,,,,,,,,,,,,,,,,,,,,,,,,,,,,,,,,,,,,,,,,,,,,,,,,,,,,,,,,,,,,,,,,,,,,
SWI-046,Zwemmen,20%,Zone 5 · RPE 9-10,19,,1000,VO2-Max,Sprint,,200m,Zone 1 · RPE 2-3,,Vrije Slag,,100m,Zone 2 · RPE 4,,Vrije Slag,,50m,Zone 5 · RPE 9-10,,Vrije Slag,,50m,Zone 1 · RPE 2-3,,Vrije Slag,,50m,Zone 5 · RPE 9-10,,Vrije Slag,,50m,Zone 1 · RPE 2-3,,Vrije Slag,,50m,Zone 5 · RPE 9-10,,Vrije Slag,,50m,Zone 1 · RPE 2-3,,Vrije Slag,,50m,Zone 5 · RPE 9-10,,Vrije Slag,,50m,Zone 1 · RPE 2-3,,Vrije Slag,,50m,Zone 5 · RPE 9-10,,Vrije Slag,,50m,Zone 1 · RPE 2-3,,Vrije Slag,,200m,Zone 1 · RPE 2-3,,Vrije Slag,,,,,,,,,,,,,,,,,,,,,,,,,,,,,,,,,,,,,,,,,,,,,,,,,,,,,,,,,,,,,,,,,,,,,,,,,,,,,,,,,,,,,
SWI-047,Zwemmen,20%,Zone 5 · RPE 9-10,25,,1200,VO2-Max,Sprint,,200m,Zone 1 · RPE 2-3,,Vrije Slag,,100m,Zone 2 · RPE 4,,Vrije Slag,,50m,Zone 5 · RPE 9-10,,Vrije Slag,,50m,Zone 1 · RPE 2-3,,Vrije Slag,,50m,Zone 5 · RPE 9-10,,Vrije Slag,,50m,Zone 1 · RPE 2-3,,Vrije Slag,,50m,Zone 5 · RPE 9-10,,Vrije Slag,,50m,Zone 1 · RPE 2-3,,Vrije Slag,,50m,Zone 5 · RPE 9-10,,Vrije Slag,,50m,Zone 1 · RPE 2-3,,Vrije Slag,,50m,Zone 5 · RPE 9-10,,Vrije Slag,,50m,Zone 1 · RPE 2-3,,Vrije Slag,,50m,Zone 5 · RPE 9-10,,Vrije Slag,,50m,Zone 1 · RPE 2-3,,Vrije Slag,,50m,Zone 5 · RPE 9-10,,Vrije Slag,,50m,Zone 1 · RPE 2-3,,Vrije Slag,,200m,Zone 1 · RPE 2-3,,Vrije Slag,,,,,,,,,,,,,,,,,,,,,,,,,,,,,,,,,,,,,,,,,,,,,,,,,,,,,,,,,,,,,,,,,
SWI-048,Zwemmen,20%,Zone 5 · RPE 9-10,19,,1000,VO2-Max,Sprint,,200m,Zone 1 · RPE 2-3,,Vrije Slag,,100m,Zone 2 · RPE 4,,Vrije Slag,,50m,Zone 5 · RPE 9-10,,Vrije Slag,,50m,Zone 1 · RPE 2-3,,Vrije Slag,,50m,Zone 5 · RPE 9-10,,Vrije Slag,,50m,Zone 1 · RPE 2-3,,Vrije Slag,,50m,Zone 5 · RPE 9-10,,Vrije Slag,,50m,Zone 1 · RPE 2-3,,Vrije Slag,,50m,Zone 5 · RPE 9-10,,Vrije Slag,,50m,Zone 1 · RPE 2-3,,Vrije Slag,,50m,Zone 5 · RPE 9-10,,Vrije Slag,,50m,Zone 1 · RPE 2-3,,Vrije Slag,,200m,Zone 1 · RPE 2-3,,Vrije Slag,,,,,,,,,,,,,,,,,,,,,,,,,,,,,,,,,,,,,,,,,,,,,,,,,,,,,,,,,,,,,,,,,,,,,,,,,,,,,,,,,,,,,
SWI-049,Zwemmen,20%,Zone 5 · RPE 9-10,19,,1000,VO2-Max,Sprint,,200m,Zone 1 · RPE 2-3,,Vrije Slag,,100m,Zone 2 · RPE 4,,Vrije Slag,,50m,Zone 5 · RPE 9-10,,Vrije Slag,,50m,Zone 1 · RPE 2-3,,Vrije Slag,,50m,Zone 5 · RPE 9-10,,Vrije Slag,,50m,Zone 1 · RPE 2-3,,Vrije Slag,,50m,Zone 5 · RPE 9-10,,Vrije Slag,,50m,Zone 1 · RPE 2-3,,Vrije Slag,,50m,Zone 5 · RPE 9-10,,Vrije Slag,,50m,Zone 1 · RPE 2-3,,Vrije Slag,,50m,Zone 5 · RPE 9-10,,Vrije Slag,,50m,Zone 1 · RPE 2-3,,Vrije Slag,,200m,Zone 1 · RPE 2-3,,Vrije Slag,,,,,,,,,,,,,,,,,,,,,,,,,,,,,,,,,,,,,,,,,,,,,,,,,,,,,,,,,,,,,,,,,,,,,,,,,,,,,,,,,,,,,
SWI-050,Zwemmen,20%,Zone 5 · RPE 9-10,19,,1000,VO2-Max,Sprint,,200m,Zone 1 · RPE 2-3,,Vrije Slag,,100m,Zone 2 · RPE 4,,Vrije Slag,,50m,Zone 5 · RPE 9-10,,Vrije Slag,,50m,Zone 1 · RPE 2-3,,Vrije Slag,,50m,Zone 5 · RPE 9-10,,Vrije Slag,,50m,Zone 1 · RPE 2-3,,Vrije Slag,,50m,Zone 5 · RPE 9-10,,Vrije Slag,,50m,Zone 1 · RPE 2-3,,Vrije Slag,,50m,Zone 5 · RPE 9-10,,Vrije Slag,,50m,Zone 1 · RPE 2-3,,Vrije Slag,,50m,Zone 5 · RPE 9-10,,Vrije Slag,,50m,Zone 1 · RPE 2-3,,Vrije Slag,,200m,Zone 1 · RPE 2-3,,Vrije Slag,,,,,,,,,,,,,,,,,,,,,,,,,,,,,,,,,,,,,,,,,,,,,,,,,,,,,,,,,,,,,,,,,,,,,,,,,,,,,,,,,,,,,
SWI-051,Zwemmen,80%,Zone 2 · RPE 4,49,,4000,Duur,Volledige,,500m,Zone 1 · RPE 2-3,,Vrije Slag,,3000m,Zone 2 · RPE 4,,Vrije Slag,,500m,Zone 1 · RPE 2-3,,Vrije Slag,,,,,,,,,,,,,,,,,,,,,,,,,,,,,,,,,,,,,,,,,,,,,,,,,,,,,,,,,,,,,,,,,,,,,,,,,,,,,,,,,,,,,,,,,,,,,,,,,,,,,,,,,,,,,,,,,,,,,,,,,,,,,,,,,,,,,,,
SWI-052,Zwemmen,80%,Zone 2 · RPE 4,63,,5000,Wisselduur,Volledige,,500m,Zone 1 · RPE 2-3,,Vrije Slag,,500m,Zone 2 · RPE 4,Pull Buoy,Vrije Slag,,500m,Zone 2 · RPE 4,,Vrije Slag,,500m,Zone 2 · RPE 4,Pull Buoy,Vrije Slag,,500m,Zone 2 · RPE 4,,Vrije Slag,,500m,Zone 2 · RPE 4,Pull Buoy,Vrije Slag,,500m,Zone 2 · RPE 4,,Vrije Slag,,500m,Zone 2 · RPE 4,Pull Buoy,Vrije Slag,,500m,Zone 2 · RPE 4,,Vrije Slag,,500m,Zone 1 · RPE 2-3,,Vrije Slag,,,,,,,,,,,,,,,,,,,,,,,,,,,,,,,,,,,,,,,,,,,,,,,,,,,,,,,,,,,,,,,,,,,,,,,,,,,,,,,,,,,,,,,,,,,,,,,,,,,,
SWI-053,Zwemmen,80%,Zone 2 · RPE 4,71,,6000,Duur,Volledige,,1000m,Zone 1 · RPE 2-3,,Vrije Slag,,4000m,Zone 2 · RPE 4,,Vrije Slag,,1000m,Zone 1 · RPE 2-3,,Vrije Slag,,,,,,,,,,,,,,,,,,,,,,,,,,,,,,,,,,,,,,,,,,,,,,,,,,,,,,,,,,,,,,,,,,,,,,,,,,,,,,,,,,,,,,,,,,,,,,,,,,,,,,,,,,,,,,,,,,,,,,,,,,,,,,,,,,,,,,,
SWI-054,Zwemmen,80%,Zone 3 · RPE 5-6,60,,4500,Duur,Volledige,,100m,Zone 1 · RPE 2-3,,Vrije Slag,,800m,Zone 2 · RPE 4,,Vrije Slag,,100m,Zone 1 · RPE 2-3,,Vrije Slag,,800m,Zone 2 · RPE 4,,Vrije Slag,,100m,Zone 1 · RPE 2-3,,Vrije Slag,,800m,Zone 2 · RPE 4,,Vrije Slag,,100m,Zone 1 · RPE 2-3,,Vrije Slag,,800m,Zone 2 · RPE 4,,Vrije Slag,,100m,Zone 1 · RPE 2-3,,Vrije Slag,,800m,Zone 2 · RPE 4,,Vrije Slag,,,,,,,,,,,,,,,,,,,,,,,,,,,,,,,,,,,,,,,,,,,,,,,,,,,,,,,,,,,,,,,,,,,,,,,,,,,,,,,,,,,,,,,,,,,,,,,,,,,,
SWI-055,Zwemmen,80%,Zone 3 · RPE 5-6,70,,5500,Wisselduur,Volledige,,500m,Zone 1 · RPE 2-3,,Vrije Slag,,500m,Zone 2 · RPE 4,Pull Buoy + Paddles,Vrije Slag,,400m,Zone 2 · RPE 4,,Vrije Slag,,100m,Zone 1 · RPE 2-3,,Vrije Slag,,500m,Zone 2 · RPE 4,Pull Buoy + Paddles,Vrije Slag,,400m,Zone 2 · RPE 4,,Vrije Slag,,100m,Zone 1 · RPE 2-3,,Vrije Slag,,500m,Zone 2 · RPE 4,Pull Buoy + Paddles,Vrije Slag,,400m,Zone 2 · RPE 4,,Vrije Slag,,100m,Zone 1 · RPE 2-3,,Vrije Slag,,500m,Zone 2 · RPE 4,Pull Buoy + Paddles,Vrije Slag,,400m,Zone 2 · RPE 4,,Vrije Slag,,100m,Zone 1 · RPE 2-3,,Vrije Slag,,500m,Zone 2 · RPE 4,Pull Buoy + Paddles,Vrije Slag,,400m,Zone 2 · RPE 4,,Vrije Slag,,100m,Zone 1 · RPE 2-3,,Vrije Slag,,,,,,,,,,,,,,,,,,,,,,,,,,,,,,,,,,,,,,,,,,,,,,,,,,,,,,,,,,,,,,,,,,,,,,
SWI-056,Zwemmen,20%,Zone 4 · RPE 7-8,88,,4000,Drempel,Volledige,,500m,Zone 1 · RPE 2-3,,Vrije Slag,,200m,Zone 4 · RPE 7-8,,Vrije Slag,,50m,Zone 1 · RPE 2-3,,Vrije Slag,,200m,Zone 4 · RPE 7-8,,Vrije Slag,,50m,Zone 1 · RPE 2-3,,Vrije Slag,,200m,Zone 4 · RPE 7-8,,Vrije Slag,,50m,Zone 1 · RPE 2-3,,Vrije Slag,,200m,Zone 4 · RPE 7-8,,Vrije Slag,,50m,Zone 1 · RPE 2-3,,Vrije Slag,,200m,Zone 4 · RPE 7-8,,Vrije Slag,,50m,Zone 1 · RPE 2-3,,Vrije Slag,,200m,Zone 4 · RPE 7-8,,Vrije Slag,,50m,Zone 1 · RPE 2-3,,Vrije Slag,,200m,Zone 4 · RPE 7-8,,Vrije Slag,,50m,Zone 1 · RPE 2-3,,Vrije Slag,,200m,Zone 4 · RPE 7-8,,Vrije Slag,,50m,Zone 1 · RPE 2-3,,Vrije Slag,,200m,Zone 4 · RPE 7-8,,Vrije Slag,,50m,Zone 1 · RPE 2-3,,Vrije Slag,,200m,Zone 4 · RPE 7-8,,Vrije Slag,,50m,Zone 1 · RPE 2-3,,Vrije Slag,,1000m,Zone 2 · RPE 4,,Vrije Slag,,,,,,,,,,,,,,,,,,,,,,,,,,,,,,,,,,,,,,,,
SWI-057,Zwemmen,20%,Zone 4 · RPE 7-8,91,,5000,Sweetspot,Volledige,,500m,Zone 1 · RPE 2-3,,Vrije Slag,,800m,Zone 3 · RPE 5-6,,Vrije Slag,,200m,Zone 1 · RPE 2-3,,Vrije Slag,,800m,Zone 3 · RPE 5-6,,Vrije Slag,,200m,Zone 1 · RPE 2-3,,Vrije Slag,,800m,Zone 3 · RPE 5-6,,Vrije Slag,,200m,Zone 1 · RPE 2-3,,Vrije Slag,,800m,Zone 3 · RPE 5-6,,Vrije Slag,,200m,Zone 1 · RPE 2-3,,Vrije Slag,,500m,Zone 1 · RPE 2-3,,Vrije Slag,,,,,,,,,,,,,,,,,,,,,,,,,,,,,,,,,,,,,,,,,,,,,,,,,,,,,,,,,,,,,,,,,,,,,,,,,,,,,,,,,,,,,,,,,,,,,,,,,,,,
SWI-058,Zwemmen,20%,Zone 4 · RPE 7-8,112,,6000,Sweetspot,Volledige,,1000m,Zone 1 · RPE 2-3,,Vrije Slag,,1000m,Zone 3 · RPE 5-6,,Vrije Slag,,250m,Zone 1 · RPE 2-3,,Vrije Slag,,1000m,Zone 3 · RPE 5-6,,Vrije Slag,,250m,Zone 1 · RPE 2-3,,Vrije Slag,,1000m,Zone 3 · RPE 5-6,,Vrije Slag,,250m,Zone 1 · RPE 2-3,,Vrije Slag,,1000m,Zone 3 · RPE 5-6,,Vrije Slag,,250m,Zone 1 · RPE 2-3,,Vrije Slag,,,,,,,,,,,,,,,,,,,,,,,,,,,,,,,,,,,,,,,,,,,,,,,,,,,,,,,,,,,,,,,,,,,,,,,,,,,,,,,,,,,,,,,,,,,,,,,,,,,,,,,,,
SWI-059,Zwemmen,20%,Zone 4 · RPE 7-8,80,,4500,Over-Under,Volledige,,500m,Zone 1 · RPE 2-3,,Vrije Slag,,400m,Zone 3 · RPE 5-6,,Vrije Slag,,100m,Zone 4 · RPE 7-8,,Vrije Slag,,100m,Zone 1 · RPE 2-3,,Vrije Slag,,400m,Zone 3 · RPE 5-6,,Vrije Slag,,100m,Zone 4 · RPE 7-8,,Vrije Slag,,100m,Zone 1 · RPE 2-3,,Vrije Slag,,400m,Zone 3 · RPE 5-6,,Vrije Slag,,100m,Zone 4 · RPE 7-8,,Vrije Slag,,100m,Zone 1 · RPE 2-3,,Vrije Slag,,400m,Zone 3 · RPE 5-6,,Vrije Slag,,100m,Zone 4 · RPE 7-8,,Vrije Slag,,100m,Zone 1 · RPE 2-3,,Vrije Slag,,400m,Zone 3 · RPE 5-6,,Vrije Slag,,100m,Zone 4 · RPE 7-8,,Vrije Slag,,100m,Zone 1 · RPE 2-3,,Vrije Slag,,1000m,Zone 1 · RPE 2-3,,Vrije Slag,,,,,,,,,,,,,,,,,,,,,,,,,,,,,,,,,,,,,,,,,,,,,,,,,,,,,,,,,,,,,,,,,
SWI-060,Zwemmen,20%,Zone 5 · RPE 9-10,71,,4000,Weerstand,Volledige,,500m,Zone 1 · RPE 2-3,,Vrije Slag,,100m,Zone 5 · RPE 9-10,Paddles,Vrije Slag,,400m,Zone 2 · RPE 4,,Vrije Slag,,100m,Zone 5 · RPE 9-10,Paddles,Vrije Slag,,400m,Zone 2 · RPE 4,,Vrije Slag,,100m,Zone 5 · RPE 9-10,Paddles,Vrije Slag,,400m,Zone 2 · RPE 4,,Vrije Slag,,100m,Zone 5 · RPE 9-10,Paddles,Vrije Slag,,400m,Zone 2 · RPE 4,,Vrije Slag,,100m,Zone 5 · RPE 9-10,Paddles,Vrije Slag,,400m,Zone 2 · RPE 4,,Vrije Slag,,100m,Zone 5 · RPE 9-10,Paddles,Vrije Slag,,400m,Zone 2 · RPE 4,,Vrije Slag,,500m,Zone 1 · RPE 2-3,,Vrije Slag,,,,,,,,,,,,,,,,,,,,,,,,,,,,,,,,,,,,,,,,,,,,,,,,,,,,,,,,,,,,,,,,,,,,,,,,,,,,,,,,
